gene_id,gene_symbol,gene_name,label,dataset_role,ensembl_gene_id,ensembl_gene_name,gene_type,chromosome_or_scaffold,gene_start_bp,gene_end_bp,strand,tss_sequence_orientation,regulatory_sequence_source,regulatory_sequence_scope,regulatory_sequence_version,regulatory_sequence,regulatory_sequence_length,n_N_bases,invalid_dna_chars,true_label,pred_score_t2d_associated,pred_label,threshold,model,feature_set,error_type
ENSG00000030110,BAK1,BCL2 antagonist/killer 1,1,positive,ENSG00000030110,BAK1,protein_coding,6,33572547.0,33580305.0,-1.0,reverse_complement_gene_orientation,Ensembl Homo sapiens GRCh38 primary assembly FASTA,TSS-proximal window: 2000 bp upstream + 500 bp downstream,TSS_Proximal_2kbUp_500bpDown_NuclearBalanced_v1,GGCATGCGCCACCACGCCTGGCTAATTTTGTATTTTTAATAGGGGTGGAGTTTCTCCACGTTGGTCAGGCTGGTCTCGAACTTCCAACCTCAGGTGATCAGCCAGCCTCGGCCTCCCAAAGTGCTGGGATTACAGGCGTGAGCCACCGTGCCCGACCAATTTTTTTTTTTTTTTTTTGAGACGGAGTCTCATTCTGTCACCCAGGCTGGAGTGCAGTGGCGTGATCTCGGCTCACTGCAAGCTCTGCCTCCTGAGTTCACGCCATTCTCCTGCCTCAGCCTCCCATGTAGCTGGGACTACAGGCGCCTGCCACCATGCCCGGCTAATTTTTTTGTATTTTTAGTAGAGACGGGGTTTCACCATGTTAGCCAGGATGGTCTCAATCTCCTGACCTCAGGTGATCCACCTGCCTTGGCCTCCCTTTTGTGTATTTTTAAAAGAGACGGGGTTTCGCCATGTTAGGCAAGCTGGTCTTGAACTCCTGACCTCAGGTGATCTGCCTGCCTCGGGCTCCCAAAGTGCTGGGATGGGATTACAGGCGTGAGCCACCGTGCCCGGCCTTTTTTTTTTTTTTTTTTTTTTTTCTAGAGACAGACTCTCCCTCTGTTGCCCTGGTGCAATCATAGCTTACTGCAGCCTCGACCTCCTGGGCTCAAGCAATCCTCCCACCTCAGCCTCCCCAGTAGCTAAGACCACAGGCATACAACACCATGCCTTGCTAATTTTTTTTTTTTTTTTTTTTTTTTTTGGTATAAGCAGGGTATTGCTGTTGCCCAGGCTGGCCTGGAACTCCTGCACCTGGCCTCAAGCGATCCTCTTGCCTTGGCCTCCCAAATGGCTGGGATGGGATTCTAGGCGTGACACACCGCAGCTGGCTGCCTTTTTTGTTGTTGTTGAGACAAGGTCTTGCTCTGTTGCCCAGGGCGGAATGCAGTGGTGCAAACATGGCTCACTGTGGCCTCGACTTCCTGTGCTCAGGTGATCCTCCTGCCTCAGCCTCCTAGGTAGCTGGGACCACCAAATGCACAGGTGTGCACTACCATACCCAGCTAATTTCTAATTTTTTTTTGTAGAGACATGGTCTCACTTTGTTGCCCAGGCTGGTCTTGAACTCCTGGGCTCAAGCAATCCTCCCACCTCAGCCTTCCAAAGTGTTGGGATTACAGGCGTGAGCCACTGGGCCCAGCCTCTATTGAGTTTTAATCTCCGTTTACTTGACTATCACCTTCAGGATTTCAAACATCCAGAGACCACCAAGGTGCATGGTGCACAGGTCTAAATTGCAGGTTGAATCTCAATCTAGTATTAGTATTCCCCAATGCGACTACAGAACTGATTATTACTATTTATTTTTTTTGAGATGGAGTCTTGCACTGTCACCAGGGCTGGAGTGCAATGGCGCAATCCTGGTTTACTGCAACCTCCACCTCCCAGGTTCAAGGGATTCTCCTGCCTCAGCCTTCCAACTAGCTGGGATTACAGGCGCCCGCCACCACACCCAGCTAATTTTTTGTATTTTTAGTAGAGACGGGGTTTCACCATGTTAGCCAGAATGGTCTCGATCTCTTGACCTCGTGATCTGCCTGCCTCAGCCTCCCAAGGTGCTGGGATTATAGGCGTGAGCCACCGCGCCTGGCCCAGAACTGATGATTAACCCAGCTGAGCCTCTGTTCATCTGAATGGGTATTGTCAACAGCACTCACTTACAAGAGTTGCTGAGAAGATCCAATGAGACAAATAGTTGCTAAAGTGCCAGGCATGCAGCAGTGCTTAAGAAACTTCTCACCCTGGGTTTTTTATTGGTATTGATTGATGTAGAGGTGGGGGAGAAGATCAAAGACAAGGATTGAGAATCAGGGATGGGAAAAGCAGTGGGCCACTGACAGCCGCCCTGCCTGCCTGGGAGGTGGGGTGGGGAAAGTGGGCGGGACATGCTCCTGGGCCTGGCCCACCCAGATCACCCTACAGGCTGTCGGCCTGTGCGTCTGCATCCGGTGGCCACAGAGCAACTTCCTCTAGAGGGAGCTGATTGGAGCCGGGTGCCGCTGGCACCTCTATGATCACTGGAGTCTCGCGGGTCCCTCGGGCTGCACAGGGACAAGTAAAGGCTACATCCAGATGCCGGGAATGCACTGACGCCCATTCCTGGAAACTGGGCTCCCACTCAGCCCCTGGGAGCAGCAGCCGCCAGCCCCTCGGGACCTCCATCTCCACCCTGCTGAGCCACCCGGGTTGGGCCAGGATCCCGGCAGGTAAGCTGGAAGGGTCTTGTCCATCCTCCCAGATCTCAGCAGCCCCAGCCCCAGGGTGGGGCAGGGAGCCTGCCGGGAGCCGGGTGGGGAAGGGGAAGCTCAAGGCTTCCCTGGGCAGGTCTGCCGCCCCGGCTGGGGACCTGATCCTGCCATGCCTGCCTCTGGCTGCCCCTCACAGCTTCCCCTCTTGGCCCAGCCCTGGATGCCGGAGAACTGTAAGAACTGGGTCCTTTAACAGTCTGGGAGAT,2500,0,,1,0.3133471432079669,0,0.6000000000000005,Random Forest,K3 + K4 + Basic,FN
ENSG00000168653,NDUFS5,NADH:ubiquinone oxidoreductase subunit S5,1,positive,ENSG00000168653,NDUFS5,protein_coding,1,39026318.0,39034636.0,1.0,forward_gene_orientation,Ensembl Homo sapiens GRCh38 primary assembly FASTA,TSS-proximal window: 2000 bp upstream + 500 bp downstream,TSS_Proximal_2kbUp_500bpDown_NuclearBalanced_v1,CTAGCCAATATGGTGAAACCTCGTCTCTACTAAAAAAAAATACAAAAATCAGCTGGGAGTGGTGGCGCACACCTGTAGTCCCAGCTATTCAGGAGGCTGAGGCAGGAGAATCGCTTGAACCTGGGAGGTGGAGGTTGCAGTGAGCCAAGATTGCACCACTGCATTTCAGCCTGGTGACAGAGTGAAGCTCTGTCTCAAAAAAAAAAAAAAAAAAAGAATTAGCTGGGCACAGTGGCATGTCTGTAGTCCCAGCTACTTGGGAGGCTAAGCAGGAGGATTGCTTGAGCCCTGGAGTTTGAGGCTGCAGTGATCTATGATAGCACTACTGCACTCCAGCCTGGGTGATGGAGTGAGACCCTATCTCAAATAAAATAATAATTATAATAAAGACTGCCAGGCACATGGTGGCATGCACATGTGGTCCCAGCTATTTGGGAGGCTGAGGTGGGAGGATCACCAGAGCCCAGGGAGGTTGAGGCTGCAGTGAACTGTGATTGCACCACTGCACTCCAGCGGGGCAATGGGAGTGAGAATCTGTCTCAAAAGTAATAATTATATATATATATATTTATATATATATATATATATATATATATATATATATATATATATATGTTCTAGTATTTTCCTCCCATACCTCCAATGTATAATATCTCATGCACCCTGTGGTCCACCCCCCAAAGACATACACACAACACTTTAGAGTCTCTGATGTAGTCAAAGGGAGTCATTGGAGGTTCTGGAACAGATGACAGGCATGGTAGCAGTTGATTCACAAACTGAAAGCTGAGACATCAAAGAACTGCGACTGCCTTGGAATGTTTCCCATGTGCTAGCCACCGCCTCAGTGCTTTATACATAAATCAGTTAATCCCTATAGCAAGCCTCCATTGTGAATACCATAATTATCTTAACAGACGAGGAGACTGAGGCACAATGAAGTTAAGAAACTTTCCTAGAGTCACACGAAATTGGTGGGGGCCTACTTTTTTTTTTTTTTTTTTTTTTTTTTTTTTTTTTTTTTGAGACTGAATCTAGCTCTGTCGCCAGGCTGGAGTCCAGTGGCGCGATCTCACCTCACTGCAACCTCCGCCTCCCGGATTCAAGCGATTCTCCTGCCTCGGCCTCCCCCCACTAGCTGGGATTACAGGCACTCGCTGCCACACCCAGCTAATTTTTGTATTTTTAGTAGAGACAGGGTTTCACCATATTGGCCAGGATGGTCTCGATCTCCTGAGCTTGTGATCCGCCCACCTCGGCCTCCCATAGTGCTGGGATTACAGGCCTGAGCCACTGCGCCCGGCTGGGGGCCTACATTTGACCCCACGTGGTGGTTTGGGCTCATAGTCCATGTGCTTAACCACTAGTGGGTAGGCAGGGAGCCAGTGTTCTTTCTCTCCTGTGACTTTGGTGAAGTCTCTCACCACTCAGTGTTGTCGTGAGCATGCTAGGCAGAGTGCAAGAAAGGAGCAAGAACTCACTAATGGCTAGGCCTTCCCTGTGTCTCTGTAATTGATGGGTTTGGGTTTTTTTTCCTTTCTCTCTCTCTACCTCCTCTCTCTCTTCTTCATCCTCTCTCTCTCACTCTCCCCCTGAGATAAGGTCTTGCTCTGTTGCCAGGGCTGGAATGCAATGGAATGGTGTGATCATGGCTCACTACAGCCTCAATCTCCTGGGCTCAAGGGATCCTCCCACCTCAACCTCCTGAGTAGCTGGAACCACAGGCATGCACCACCTCGCCCGGCTAATTTTTTATTTTTTGTAGAGAGGGGAGTTTCGCCATGTTGCCCAGGCTGTTTTCGAACTCCTGGGCTGAAGTGATCTTCCTCCCTCAGCCTTCCAAGGTGCTGGGATTGCAGACGTCAGCCACCGTACCAGGCCAACGGGCTCGGTTTCTATGGTTTTGTGGGGAGACGGCTGAGGGAAGGTCGGCTTCCGGCGTCGCGCTGCAAACGTCTCGCTGAGGTCATCCTTTACGGCAGGCGTCCGCGTCGCTAGCTAGTCGTTCTGAAGCGGCGGCCAGAGAAGAGTCAAGGGCACGAGCATCGGGTAGGTAGGGGCTGCTTATGTCCGCGCGGCAGCTTAGCTTAAGGACCTTCCTTCCGAGGTCTCTTTAACAGATTTCCTCTTGGCTTGCTGTGTGTCCCCTTCTCCCAGACCTGAACTCAGGGCGTGTTCCCTGCCCTCCCAGGCCGCTTCACCTCCACAGCTAATGGCACCGAAGCCTGGAGATTGCCGCTCTCTCCACTTTCCACATTTGTTTAGGTTTTTGCCGGACTAATGTTTTGGCTTTCTGTTTCTTAACCTAAAGTCTACGATCCTTATCCCAGCTTTCCAGGCTCTGCGTGATTTCGGCCCCGCCGGCCTCCTGAGCTCATTTCATTCTTTTCACCGTCATGCACGCTGCGCTCCATTGTCCCCCAAACATAGCCAGCACTTCCGGCTGTAACTCCGGGCTGTTGCCCAACTGGAACACTCTGCCCACTGATCTTCACTTGGC,2500,0,,1,0.3243423770380549,0,0.6000000000000005,Random Forest,K3 + K4 + Basic,FN
ENSG00000106328,FSCN3,fascin actin-bundling protein 3,1,positive,ENSG00000106328,FSCN3,protein_coding,7,127591409.0,127602144.0,1.0,forward_gene_orientation,Ensembl Homo sapiens GRCh38 primary assembly FASTA,TSS-proximal window: 2000 bp upstream + 500 bp downstream,TSS_Proximal_2kbUp_500bpDown_NuclearBalanced_v1,GGTTACTGGGTACCAAGAGACAACGTGGGAGAGGATCAAAGCAGCTAAGGCTGCAGGGCAACCCCACCCACACATACCCTCAGCTCAGCTTCTCCCTCCTTATTCTTGGGCTGGAAATACTGTAGGGTTTACAGTGGTGCAAATCTCATTCCTTCCCAGCTCCAAGGAGCCTTTGCTGAAGATTACAGGATCTCCCTTCATAGTTCCATGAACCACGTAATTGTTTCCCATCATTCTCGTAGCTACTTAGAGCCGTTCTTAATGTTTGCCTTACACATTAAAATTAGAGGGGGAGAGAATGTGCGTTAATAATACGAATCCTGAGGTACATTTCAGAAAATGTGATTCATCAGGACTAGTCTGATGCCCAACAATATGCATCTTTAAAATTACCCAGAGGAGGCCGGGCGCAGTGGCTCACGCTTGTAATCCCAGCACTCTGGGAGGCTGAGGCAGGCGGATCACGAGGTCAGAAGATCGAGACCACGGTGAAACCCCATCTCTACTAGAAAAAAAAAAATACAAAAAATTATCCAGGCGTGGTGGCAGGCACCTGTAGCCCCAGCTACTCAGGAGGCTGAGGCAGGAGAATGGTGTGAACCTGGGAGGCGGAGCTTGCAGTGAGCTGAGATCGTGCCACTGCACTCCAGCCTGGGTGACAGGGTGAGACTCCGTCTCAAAATAAATAAATAAATTAAATAAATAAATAAAATTACCCAGGGAATTCTGCCACTAATAGTCTATTACCCTTATTTTATAAAACATCGGTGGGGTCTGGGGCTTGTAGTTCCTTGCTGCACACCACTGAGACTCTTGCTACTTGGGAAGACCCCTCCTATGGGGAATAGGAAAGCAGGTATAAGGAACCACGGGTGGCTGGGCACTGTGGCTCATGCCTGTAATCCTAGCACTTTGGGAGGCTGAGGTAGGAGGATTGCTTGAGCCCAGAAGTTAAAGACCAGCCTGGGCAACATGGCAAGACCCCATCTCTACAAAAAACAAAAATAAAAAATTACCTGGGCATGGAGATGGACACCTGTGGTCCCAGCACCTCAGGAGGCTGAGGCGGGAGGATCGCTTGAGCTTGGGAGATCAAGGCTGCAGTCAACTGAGATGCACTCCAACCTGGCTAGCAGAGCAAGACCCTGACTCAGAAAAAGGAACCAGGGGTGTGGCTTATTCCCCAAGTGTGATCGACTGCCCATTTTCCCTTGGATCCTAGCCAGGCTTAGGCAGAACTCATCATCACTTGTTTTTGCCTTTGTTTTTCTTTCATGTCACTTTTCCAGGTTCTGAGCTGGGTTTTCTCCTCAAGCTTTGCAGGAAGTGAGTCCAAGAGACTATAACTCAGAGATTCTTTGGAGGGGAAAGATACCCTTGCAGGAGCTCTATCTGCCCAGCCAGATGTCCTACCCACTGGCAGAGCAGCTGGGGTTGAGGAGGGGTGCTTGGTGCTCTCTCCACCTAGGCCCTTCTCCTTACCCAGGTCCTGAGCCAGCCTTCCTGATGAATATGAGTAATTTGATGTCAACTGATTAACTAGGGTTTCCTCATACTCCCTGCAAAATAGCATCTGGAACATTTTGACCTCATCCTCCTAAGGGCCATAAAAGCTGATAGATTTTTCTTGGTTATCTTGAACTTAACAAAATACTTGAGTTGCAAGGGAGCCAGGCAGAACTCACTTCCTTGGGAGAAAGGAGGTTGCTTTCTATCCTGTTACCAGAATGAGAAACGGAGGTAAAGAAAGGAAAAAACTTGCCTAAATTCACAGGTTGAAGTTCCGGATCCTGGTCTCAGCTCAGCCTACTTTGGTGCCCAAAGGGGAATAGGAAGGCAAACACCGGAGGCTCTGCACCCGCCTCCTCTAGGCCATGGATTAATGCTGCTGCGCCAGGGCCCTTTCCCCACTGTGGTGTGATAAGAGGCTGCCCTCACAGTCACAATGCTCCCGGGTCACAGAGGTGCTGGGCCCCAGGCCAGCCTCTGCCTGGGAAGTTCTCTCTGGGAACATCTGGTGGGTACTACAGGCCCTATTCCAGGCCCTATGGCCTGTGGAACCTCACCACGGGGGGGAGGGCTGGGCCAGACGGAGACATCACCTGTGGTGTCAGCCCCATGGATGAGACAGAGTGGATACACAGACATCCCAAGGCTGAGGACCTAAGGGTTGGGCTCATCAGCTGGGCAGGAACCTACCTCACCTTTGAGGCATGCAAGAATACAGTCACTGCAACTGCGAAGAGTTTGGGCAGGAGACAGGTGACAAAGCAAACCCATGCTGGCACCAGTTTTCTGAGTGGCCAAGCTGTGTGTGTGTGTGTGCGCGCGCGCGTGTGTGTGCGTGAGTGTATGTGTGTGTGTGTGTGTATGTACTTGCCTGTATATGAAAGTATACTGGAACCGGTTTTCTGAGTGGCCAAGCTGTGTGTGTGTGTGTGTGTGTGTGTGTGTGTGTGTGTACTTGCCTGTATATGAAAGTATACTGGAACCAGTTTTC,2500,0,,1,0.3419533939446,0,0.6000000000000005,Random Forest,K3 + K4 + Basic,FN
ENSG00000184381,PLA2G6,phospholipase A2 group VI,1,positive,ENSG00000184381,PLA2G6,protein_coding,22,38111495.0,38214778.0,-1.0,reverse_complement_gene_orientation,Ensembl Homo sapiens GRCh38 primary assembly FASTA,TSS-proximal window: 2000 bp upstream + 500 bp downstream,TSS_Proximal_2kbUp_500bpDown_NuclearBalanced_v1,AACTCCTGAGCTCAAGTGATCTGCCCACCTCGGCCTCCCAAAGTGTTGGGATTACAGGCGTGAGCCACTGTGCGCAGTCAAGCTGAAACTCTTAAGCAAATTTTAAATCTTACTTTAAGGAACAATTTCCTCACCTGTAAAATGGGGACACGAGGATATGATGGAAGTGAAGTCACTTTGTAACTGGTAAAGCTCTGTACAGATATTAGTTAAGATGGTTAATTTCATTAACCTGTGAAGATTCTTAACTAAACCTTGCGCAAGTTGCATTGGCTGCCCTGTCTAGGCACTAATATCTTTAGACGGACTAAGGAGGAAACACACTTTTTTTTTTTTTGAGACAGAGTCTGGCTCTGTCACCCAGGCTGGAGTACAGTGGCATGATCTTGGCTCACTGCAACCTCTGCCTCCTGGGTTCAAGCAATTCTCCTGCCTCAGCCTCCTGAGCAGCTGGGACTACAGACTATGGCCAGCACACCCAGCTAATTATTTGTATTTTTAGTAGAGATGGGGTTTCACCATGTTGGTCAGGCTGGTCTCAAACTCCTGACCTCAAGTGATCCACCCGCCTCAGCCTCCCAAACTGCTGGGATTATAGGCGTGAGCCACCGCACCCGGCCTACACGCTTCTTTTCACAAGAATGACACCCGCAACTATACTTCCCACGTAAATGGAGAGCAGTCTGGCAGATTCATCTAGACCTAGGGTTGGGTGATTATTAGGGAAAGAAAAGGTCCAACCAAGCCAGTGGGCTGAAGAGAGGACATGACCTGCTCAGTCCGAAGCAGATGTGTGACTAAAGTCTAGTCTCCTGGCTTCTCTGCAAAATACCTCATTATCGGCATTATTAACCCTAACAACTGCCATTTATTGAAATCCCACTATGTGCACGAATGGGGACCAATTTACTTCTAGATATTACAACAATCTTGTATTACTGTGCCCACTTCCTGGATGATGGGTCTGAGGTTCACAGAGATCATTTGCCCAAGTTCCTACTGAAAGTGCTAAGGTATTTCCTGAGACTGGCTCAGGGTGTGTTGCCAGACAACAATGCACACATTTTTAACACAATACTAAACTTAGTATATTATACTTATGTTAAAAATTTCGGAGCCGGGCGTGGTGGCTCACGCCTGTAATCCCAGCACTTCGGGAGGCTGAGGCGGGCAGATCACTTGAGGTCAGGAGTTCGAGACCAGCCTGGCCAACATGGTGAAACCCCGTCTCTACTAAAAATACAAAAAATTAGCTGGGCGTAGTGGCGGGCGCCTGCAATCTCAGCTACGCGGGAGGCTGACGCAGGAGAATCGCTTGAATCCGGGAGGCGGAGGTTGCAGTGAGCGAGATCGTGCCACTGCACTCCAGCATGGTCGACAGAGCGAGACTTGTCTCAAAAAAAAAAAAAAAAAGGACATGTGGTAATTCCCCTAGGGAATTTGGCCTTAGTTGTGAAAAATAAAAAAGCTATAATCAATTTCTGTTCTATCGGAAAAAAATGTATTGGCTGTTTAGCTGAAATTCAAATGTAACTTAACATCCCGTATTTTTTATATGCTACATCTGGCAACCCTGGCTTGAGGCTACCTGGCAAAAATCAAAACAGGTTCCTCCTTGTTATGCCCTATGCCTCTGTTGCCTTTATTTTTATCTTTACGAGCAATCATTAACAGTAACTTCAGACTCCAGGCTCTGGTCGCTTTAGGAGGCGGAAGGCGGACTAGGGTAGGACTCCTGGCCCTCATCAACAGGACTGCCAAGAAGCCGGGCACCTTCTGCCCCGCACAAACATGGCCGCGCCTCGCCGCCGAGGATTGGCTCCCGCCGAAAGCTCGTCCTCCTGGCTAAGGGAGCCCCTTCCATTGGGCAGTTAAAAAAAATGGCGGACCCCGCCTCCCGCCGTCCTCGGGCGCGGGGGCGGAGCCTAGAGGAGGCCTGGGACAGGGCCACCAGTGATTGGCGGAGAGCGGTGGTCAGGCCATCACGTGGCCCGAGGCCCGTTTGTTTGCGGAAGTAGGAGGAAGTAGAAGTGCTGAGTAAGCCGAGGTGAGTGACCTCGCGGGTGGGCGGGGCCTGGGGGTCCGTTCCCCAACTTCCTCGGCGCTCCGGACTCCCAAGTCTCCGCCGGACCCTCCTTTGGATATTCCTCGTGTCTCCGATTCTGAGGCATGTCCTCCATTAACCCTTATGTGACTCCCTGAGTGCCCCCACCTTCCATCTTTTCATCCCCCTGCGTCCCCAATTCCCATCCCGAGACCGCCCGTGTCTCATCTCGAACTTGTGGACCCCAGGGACCCCAGCTTCGACCCTGAGTTTCTCCCCTGAACCCCAGTCTCCTCCGTGTGTCTCCCTCAGTATCCCTAACTTCCCGAGTCAATCCATCTCTTCTCTTTCCCCGACCCTCAGTGCCTCTTTAGGCCCCATTGGCCGTCCTAATTTTCCTTCCTGTGCTCCTCTAAGTGCTCACTTGATTCCCCACTTCACGTCCGTCTCCACCTT,2500,0,,1,0.35454775010128514,0,0.6000000000000005,Random Forest,K3 + K4 + Basic,FN
ENSG00000165006,UBAP1,ubiquitin associated protein 1,1,positive,ENSG00000165006,UBAP1,protein_coding,9,34179005.0,34252523.0,1.0,forward_gene_orientation,Ensembl Homo sapiens GRCh38 primary assembly FASTA,TSS-proximal window: 2000 bp upstream + 500 bp downstream,TSS_Proximal_2kbUp_500bpDown_NuclearBalanced_v1,AGTGGCTTGATCTCGCTCACTGTAACCTCCTCCTCTTGGGTTCAAGCGATTCTCATGCCTCAGCCTCCCACATAGCTGGGATTACAGGCGCCCACCTAGCTAATTTTTATTTTGTATTTTTAGTAGAGATGGGGTTTCACCATGTTGGGTAGGCTGGTCTTAAACTCCTGACCTCAGATGATCTGCCTGCCTCAGCCTCCCAGAGTTCTGGGATTACAGGCGTGAGCCACCACACCCGACCTTGTTTTTTTTTTTTTTTTTTTTTTGAGACAGAGTCTTGCTCTGTTGCCCAGGCTAGAGTGCAATGGCATGATCATTGCTCACAGCAGCCTTAACCTCCCAGGCTGAGGCCATTTTCTCACCTCAGCCTCCTGACTAGCTGGGACCACAGATGTGTACAACCATGTCTGGCTAATTTTTTACAATTTTATTTTATTTTTAGACAGGGTCTCATTTGCAGAACCCAATAGCTGGGACTACAGTCGTGTACCACCATGCCCAACTGTTTTTTGTTGTTGTTAGAGATGAAGATTCTCCACGTTGCCCAGGCTGGTCTCAAACTCCTGAGCTCAAGAGATCTGACCATCTTGGCCTCCCAAAGTGCTGGGATTACAGGCGTTAGCCATCGTGCCTAGTCATTTTATTTTATTTTATTTTATTGCGACAAGATCTTGCTCTGTCACCCATGTTTGGAGTACACCAGCACAATCCTGGCTCACTGTAGCCTCGACCTCTCAGGCTCAAGTGATCCTCCTATCTCAGCCTCCTGAATAGTTAGGACCACAGGCACATGCCACCACGCCCAGATAATTTGAGTTTTTGTAGAGACAAGGTCTCACTATGTTGCCCAGGCTCACCTAATTTTTACCAAACTTTTTGTAGAGACGGGGGTCTCATGTTGCTTAAATTGGTCTTGAACTCCTGGGCTCAAGAGTCATCTTATTCAATTAATAATTCTCTGTCTCCTAATTCCAGCAGACATAGAAAGACACAGAAGGCCAGCGCCATGGCTCACGCCTACAATCCCAGCAATTTGGGAGACTGAGGCTTGAGCCCAGAAGTTTACCACCAGCCTGGGCAACATGGTGAGACCCCGTCTCTCCATATATATATATAAAATAATAAAAATTATCCGGGCGTGTTGGCATGTGGCTATAGTCCAAGCTACTCAGAAGGCTGAGGTGGGAGGATCACTTGAGCCCGACAGGTGGAGGTTGCAGGGTTGCAGTGCGCCAACATCGCGCCACTGCACTCCAGCCTAGGCGACAGAGCGAGACCCTGTCTCAAAAAAACAAAAAACACCCCAAACAGAAACAACAACAACAACAAAAACCCCCACAGAAGGCAGTGAAGGCTTGGGATAGGATTACCTGGTTTAAACCCATAGAATGTCAGAATTGAAGGAAGACTTAGAGGTCACCTTTGTTTTTTTTTCTTTTGATACAGAGTCGCGTTCCGTTGCCCACCTGGAGTGCAGTGGCGCGATCACGGCTACCGCAGCCTCGACCTCCCGGGCTCAAGCGACCCTCCTGCCTCGGCCTCTCAAAGTGCTGGAGTTACAGGCGTGAGCCACTGCGCCCGGCCTAGAAGTCACCTTTCAACTTAGTCCTCTATACATGGGAAAAGTGAGGTCCAGAAAGGGTATGAGTTGTACCAGGTCGCTGACCCTGAACAGAAGCTAGATGTCTTAATTCCCAAATAGGACTCGCTGCTAACTCTTTGGGCATACCTTCGCGATTCAAGGCTCTTGGGTTTCCCGCTTTGGCCGCCTCGCCAAACCCAAGTCTTACACTCTTAGTGACCCCCTCCTTTCCTCCTTCCCCCTTAGGTCAGCAGGGTTTACTCATTCCAATTGCAATGCTCCATGTTGCCGGAGTAGCTCCTCGCTAGAAGAGAGATTAGTTATGTCACCGTCGGCTCCTCCCATTGGTCCGGGCGTGTGGAGCGCGGCGCCATGACGTCAGACGCCCAAATGAGTGGGGCGGTGAGGGGAAGGAGGAGGGAAGTAGGACTTCAACATGGCGGCTGCGGCACTGGCGGTGGCTACGGTGACGGCCTGGCCCGGAGCGGGCAGAGTTGGAGGTGGTGGCGTTCGCTCTCCCTAGGGGCTGTCGGGAGCTCAGCGGGGACCGAGCCTGGGAGGCCGGCCGGTGCCAGCACCTTTCGGCTTCTGAGACGGCGGCAGCAGCGGCATTCAGGTGAGGGGGGCCTCCCTCTGGGGGAGGGGGAAGAGGGGCGGAGTTGGGGGAGGGGGGCTGGTACTGGGAGACTGGGAAACGGGATGGGGGGCCGAGCGAGGTGAAGGGCGCCGGAGCTAGGAGGTGGGAGGGAAAAGTGGCCGGAGATCCGCGATTCGGGGAGGATTCTGGGAGAAGGGTCGGAGTGAGGGGACCGGAGTTGAAGGGGCGGAGGGGAAGTGGGATGCGGAAAAATGAGTTCGGATTAAGGAGACTAATACCCTACTGGAAGACAGGCATAGTAGACATCTATCGGGCTGGAC,2500,0,,1,0.36410615128967233,0,0.6000000000000005,Random Forest,K3 + K4 + Basic,FN
ENSG00000144218,AFF3,ALF transcription elongation factor 3,1,positive,ENSG00000144218,AFF3,protein_coding,2,99545419.0,100192428.0,-1.0,reverse_complement_gene_orientation,Ensembl Homo sapiens GRCh38 primary assembly FASTA,TSS-proximal window: 2000 bp upstream + 500 bp downstream,TSS_Proximal_2kbUp_500bpDown_NuclearBalanced_v1,GGACTGGTCGTGGGGTGAGGGGAGTGTACTGTCATCATTTTTGTAGTCTTTTGCAGAGAAAATTTGGAGGCAGTTTGGAAAACACTCTAGAGCCTGACATGTGAGAGATGAGTTAGGAGGTCACGTGTCCCCACTTTTCTAATTTTGTATCTTCTTCAGCAAAAAAGTCTTTGCCGCCTATTCTGAGCAGATGTATGATTATTCACAAATGATATACAATACAACTGTATTCACACATTGCATGCCTTGAAACATACACAAAATGTAAACACTAAAAACATGACGTAAAAATAGATGTAAGTCTGGGAACTCGATGGAGGTGGTGGCTGCACAGCATTGTGAGTGTACTCAATGCCACAGGATTCCCCATCTTAAAACGGCTCATTTTATGGTATGTGAGTCTTAATTAAATACAAAAACCAGACAAGTGTGGGTAGATAGACATTCAATTCCTTTCTTCTCATCCTTCAGTGAACGGTCTGGTGTGCCCTGGGTGCACGTACCCCTTGGGGATTAGGGCAGTGATGAGAGGCAATGGAGGGAGGGTGTGGCTGTGGAGATGCGGACGGGAAGAAGGATCTGAGGAGTGACTGAAGAGGTAGAATGGGCAGGGCTTGGTGATGGAAGGTTGAAGAGTATTCAGCAAAGAGAAGAACGTGGGAAGCCTCCCCATTTCTGGTTTGGGTATAAGATAAAGAAACGTTTTCTCCTTGCCAGGGACATGAGGCAGACAATACTGGGATAATTTCCCAGGGCTTGGGATAGGACTGGGTGGGGAAGTTTCTAGGTATCCATTCTCAGGATAAGGACGGGCCTGTTTGGATGAGGATAATGGAGGGTCAAACCTGAAGAAGCCAGATTAGCAGAGGCAAAGTGAGAGATCAGAAGGTGGTAAACTCAGAAGGGGGTAGAGACCTGAGGAGCAAGCTGGGACAAGGCAGGAGGGAATTCACAGGCCACATGGTAAGTAATGAGTGGGGTAGAGGACAGAGCAGGGTTTCATTGTGGCGAGTCTGACGGGAGGTGCTGGGGGATGTTCCAGGAGAACAGCAGAAATGTGTGATGCTATGGATGTGGGCTTGGCAAGTTCCATCTGGAGCTGGGAAGAGGCCACCCATGGAGAACAGGAACCATGAGGCGGAGAGTGGAGCTTGCAGGAGGGCGAAAATTAAGACCAAAGAATGGAAGCCTGCCAGTGTGAGAGACCGCCTGACAAAAACCAGGAGAGTATGGAGTCATGGCGGCCCAGGCAGAAGTTCTGGGAGGAAAGAAATGGTCAACACTACAGGGAAGTCAAACACTGCCAGTGGAGACAAATAGGACAGGAACTGAAAAAGCATCCATTAGTGAATCCCTGGTGTCATTAGTGAAAATAATTCCAGGCATGAATGGGGAGAGGGAAGGGTGTCGGGCAGGAAGTCCAGTGCCCGTGGGTTGACTGAATGGGAGATGAGGAGGTAACACCCATCATGTAGGTCATGTAGAGCAGCCTTAGGACATCTGATTCCTTGCCTAAGACTCTTCTTTCCTGGTGTAGCTTTGTTCTAGAAAGGTCTGGAAGACTTGTCACAGTTCCAATGCAGGATGAGCCTTTGGTCCTGATCTCTTGGAGGCCCAGACAGCCTGGGAAACCAGCAGAGCTTTGGACAAGTTAAGCAGCCCATTGAAATCAACATTCTTGATAATCATATATCTAAGAGATTCCAAAATGTTCCTGGGATTCTTTTATGGGTCTGCATAGGGTTAGAAAGCACAGGAGTCAAAGAGACCTTCTCCCTTGGCCTCCAGGGCCACCATCCTCTGCTTTTGTCAGTTGGTCTCCCCAGAGTAGAGTCCAGGTTCCTGCTTCCAGCCTTCTGGTAGACCAGGCCCTGCCACAAGTGAGAGTTGGCCGGTTGGGTATCTGGTTTAGTCACTCGCCTCCACACTTTCACATCCTCTATCAACACCTGCACACTTGGGTTGTGACCACACATGCTCTTCCTGTTTGTACAGAAAGTGCCATTCAGAAAGCTCGCCAGCGAGAAGAGAGCTCCACGCTCAGCCTCAGAAGAAAGACGTTCAACGACTTACTGGGGAGAGAAAGAAAAGGAACGGGAGCTGAGAGGTAAGATCAAACTGGAGGGTGTGCGGGCCCTCTAGGATGCCTTGCCTGGAAGAGAGGTAGCCCCGACTTTGTGTCCTGAAGGGTGGCGCTCTAAGTAGCTGTGCCCATGCTCCGCTGGTCAGGGCAGGGGGAGCATTCTTGGTCAGCCTCACCGAGATGGTCCAGGCCCTGGTGAACAGCCAGAGGGATTGAGAAGGAAGAGATGGGATGTGACCAAAGTTGGTCACTGAAGCCGTCAGTGTGTGTGCGTGTGCATGTGTGTGTGTGTGTGTGGTAGAGGGTGCACATAAAGAAGACATAACCTGAGTGTGAACATGCTCACACACATATTTATGATGCTGGCTGGGGCCTTATGAAAAGTGTGTCTTAACCTCATGTTGCTCATTAGCTATA,2500,0,,1,0.36825367190089914,0,0.6000000000000005,Random Forest,K3 + K4 + Basic,FN
ENSG00000198056,PRIM1,DNA primase subunit 1,1,positive,ENSG00000198056,PRIM1,protein_coding,12,56730438.0,56752374.0,-1.0,reverse_complement_gene_orientation,Ensembl Homo sapiens GRCh38 primary assembly FASTA,TSS-proximal window: 2000 bp upstream + 500 bp downstream,TSS_Proximal_2kbUp_500bpDown_NuclearBalanced_v1,AAACCCTGTCTCTACTAAAAATACAAAAGTTAGCTGGGTGTGGCAGTGCACACCTGTAATCCTAGCTATTTGGGAGGCTGAGGCATGAGAATTGCTTGAGCCTGGGTGACCAAGGTTGCAGTGAGCCATGATTGTGCCACTGCATTCCAACCTGGGCGACACAGCGAGACTCTGTCTCAAAAAAATAAGTAAAATAAAATAAAACTATGTTTTTCATGTGACATGTTATTCATGTGACTGCCCACTCTAGCCCACAATTGCCATAAGGTATCATTACACAGTAAGAGTGATTGGCAGATCTCCACATCAATAGCAGATGGGTTCCCTTCATACTTGTAAAGCTCTCCATGATTCTGCAAGCTTCCTATAATTCATATTTTCTTATACCTGGGTGTTCTATTTGAGAGACTAAATATATGAACAGCAGCCAGACCATATATAAAAACAGAACTCTGACCCACAATCTACAGCAACCTGCTGGGGAAACCAACCCCCTTATCTATAATAAACAGCACAGGAAGCAAGCTTGCTACAAGTCAGACTTGTATAAAGTCAAACTGCTATCTCTAATGATGATCCTGGAGGCCAAACAACAACCCCTGTAGCAATGGGCCCAAATGCCTTAACTAGTATCCTACAGCTTCCTTAACAGCTTCCAACATAGGTCCAACCAAAGAAAGCCAAACACCCACCCCTAAACCAATCACATACCGCATCCTACTACTAGTTAGCCCAGGTACAGCTTCTCCATGCCAACAGCCTCCAATCAAAGAATACCTTGACGGCTTCCCTTTTTTATAAAGCTTTCCTACTCCTCTGCCTGCCTTTGAGTCCTGTCAAATGCAAGTGATGATGGCTGACTCCCTTGCTATAGTAAGCTCTGAATAAATAGCCTATGCTTTTCTCATTTGGTTATTTATTTCCACATATTGGATCTAGTAATTCATGAAATTCCATGAAGAACTAATTTCCAAAACTTTTTTTTTTTTAGACACGGTCTTTCTCTGTTGCCCAGACTGGAGTGCAGTGGCACTATCATGGCTCACAACAGCCTGGACCTCCCAAGCTCGAGAGATTGATTGCCCCCTCCCCCCACTCCCCGCCCCCAACCCTTCAGCCTCTAGGGTAGCTGGGACTACAGGCGCACGCAACTACATCTGGCTAGTTGTGTGTGGGTGCGTGTGTGTAGACAGAGATCTCACAATGTTGCCCCAACCGGTCTCGAACTCCTGGCCTCAAGCGATCCTCCTGCCTTGGCCTCCCAAAGTGCTGACGTTACAAGCATGAGCCACCGCACCTGCCTACAAACGTTTTTAAAAGATACTGGTGTCGGCCAGGCGTGGTGGCTCACACCTGTAATCCCAGCACTTTGGGAGGCTGAGGCGGGCGGATCACGAGGTCGGGAGATCGAGACCATCCTGGCTAACACGATGAAACCCCGTCTCTACTAAAAATAAAAAAATAAAAAAATAAAAAAAAATTAGCCGGGCGTGGTGGCTGGCGCCTGTAGTCCCAGCTACTAGGGAGGCTGAGGCAGGAGAATGGCGTGAACCCGGGAGGCGGAGCTTGCAGTGAGCCGAGATCGCGCCACTGCACTCCAGCCTGGGCAACAGAGCGAGACTCTGTCTCAAAAAAAAAAAAAAAAAGATACTGGTGTTATTTCTAAAACATCCAAAAAGTTCACGTGGAGCATCCTTTTTACTTCATCTTAATAACCTAAATCAATATGCTATAGGTCTCACATTTCCGGAGAAGATCCTCTTCCTGGAATGGACGCGGCCTTCTGCCCACAAGAGCGGTGGCCCTAGTGCCCGAACGCGTGGGCAGATCGCAAACTGCTGCGTCTCCCGCAGCCCCCGCGCGCACCAAGTGGGAACTACAATTCCCGGCGGCCCCGGCGGACTGCGGGCCGCCGGGTCAGACAGCCGACCTCGGCCATAAGCGCCTGCGCAGTCGCGGGGCCGCCGGCCGTGCTGTTCCCGCCAATTCCTGTGGTAATCCTTACCGTGGCGAGTTCCGCGCTCAATGGAGACGTTTGACCCCACCGAGCTGCCCGAGCTGCTTAAACTTTATTACCGGAGGCTCTTTCCCTACTCTCAGTACTATCGCTGGCTCAACTACGGTGGAGGTGATGGAGGCGAGGAATGGGTTCGGGAGCGGAGTGTGAGGAGGTTGGAGGCGGGGTGTCCTTAGAATGACAATATGAAGCGCCTTCTGTGCACCAGGCTTTGTGCCGCGCGCCTTCATTTGCTCTCTCGAGCCCGCCCCACCACTTCATAGGTGTAAATGGGCCGAGAGAGGATATAATAAGCCAGCCTGCGGCCACGCTGTAAAAAAAAAAAAAAAAAAAAAAAAAACAGAGCCGCCGCTCCTACCTCTGCGTGGTCAGGCTCACATTAGGTGCCCCGTTTACCTGCAGCGGTGCCCAGGGGGTTACTGGGGCGTAGCGTGAAGCTGCTGAGGCATGGTTTGCATCAGGAGCGGAAGAGCCTCTCTCAGA,2500,0,,1,0.37341754075833256,0,0.6000000000000005,Random Forest,K3 + K4 + Basic,FN
ENSG00000186510,CLCNKA,chloride voltage-gated channel Ka,1,positive,ENSG00000186510,CLCNKA,protein_coding,1,16018146.0,16034109.0,1.0,forward_gene_orientation,Ensembl Homo sapiens GRCh38 primary assembly FASTA,TSS-proximal window: 2000 bp upstream + 500 bp downstream,TSS_Proximal_2kbUp_500bpDown_NuclearBalanced_v1,ATCACAGAGACAGAAGGAGCTACAAAGATGATGCAGTCCTTTGAATCCCAGTCACCCAGGAGAGCTTTTCACAAACACAGACCCTTTCCTTGGACCCCAGGATTTTGATTTGGGATCTGGGGAAGGGACCTCACATCTCTTCCCATCAGCTCCCCACACAGCCAGCTCATAGGCCAGTGATGAAGCCCTCATCACTCAGTAGGTATTCATTGAAACCTTGCTATAAATAGGTGCTGGGCACTGTTCTAGGCTCTGAAGGACTCAGAGATGAATAAGGCAGAGACAGGCCCCTGCTTCCAGGCTCACCTCATCATACAGAAGAGGAAACTGAGGCTCTAGTTGATGAAAGAGTTAGGGTCAGCAGAGCTGTGCTGGCTTCAAACCGGTCATCCTGCTGAGCCACCCTGGCTGCCCTCTTCTCAGCCTCCTGGTGCACACAGGGCTGGGGGGTGAGGGTAGATGTGGACGTGCAGTGCTGGCTGTGGGACAGTAGCCAGCAGCTGCCCCAGACCAGACACTGGAAATCGGGATGTTGACAGGGCAGCCAGTTCTGGTGCTGTGCAGAGTCAACAGGTCGGGGTGGCCAAGGTGAAGGTGGGCTCGAGTCCATACAGAGCGGCAACTCCCATCCCACCTCCCACAACACACATCTTTGATTTTGATTTGACTTGCCTGGCATCTAGGGGCAAAGGGTGGCCCAGGGTCCCAGATTTTAACAATCATCCAAGGGCTATCATAAGCTTCAGAGGGTGGCTTTGTCTGGGTGGGAGTGGAGGCAATTGTCCCCAACCTCTTGCCCAAAAGTGGCATCAGACACAACTCTTCTGTTCTGTGCCCAAACCATTGCCCTGGTTCAGCCTCAGGAGCTGGAGGAGCTTTGGGCAGGGGAAGAGCTGCACAGTGTGGGGCTGGGTTCAGCCTCTGCTGTGTGACCTTGGATGAGTGACTCACCTCTCTGACCATCTACAAAATGGCGAGGCTCTCCCCATTCACAGGGTGTGGGAAGGAGGACTTGAGCTGCAGATGTGACGCTCCTGACACGTCGCAGGCACACGGCAGGTGCTTGTTCCTCGCCATGTCCCCTCACACCTGTGCTGCCATCCTCTGTTGGGGTGGGACAAACTCTGTGGAATTACCCAGAAGTCCCCACCAGAGCCGCTGGCCCTTGGACGTGTGCTTTGAGAAGCATTTCCTGAGCCTGGAGGGTCTGGACACAGGATCAAGTCCGAGTTCCTGACCCCAATTCACTGCCTTGCCCCAGGTGTCGGCCTCCTCGCCAGCCCTGGACAAGATGGGTCATCAGGATGGGACCGTGTGGCACAGCCTGCGGGCTTTGGAGCCAGGCAAACCTGGGCTGGGAATCCTGGCTCTGCCTCGGCCTCCGTGATCTTAGACAGGCAGCCCCAGCTCCCTGAGACACCATTTCTCTACAACGGGATCACGCTGCCTGCCTCGTGGGATTTCCGTGGGCACTCAGGGTAATTAATCTGGGAGAAGGCTGACTCTCTACCTGACACACAGGGAGGCTGTGGTCATGCTGGCCCCACTCACCATTGCCCCCCTGCCTTCTCCTTCCCTTCCCAGCCTCCTCCCCTCTCCCTCTGTGCTTTTTCAAACCTTCCATGTCCAGCTCTGAGACCCCTGGACCCTGAGTCTCAGCCTTGGCAGATGACCCCTCTCTGTCCTGCTGTGTGCATGAGCTCCCCCTTCCCAGCCCTCGTCCAGCAGCACCCAGGAGCCTGAGTACAGCTGGGCACCACCCTCTGTGCAGCTGTGATGGGTGGGGAGGCTCCTGCTCCCCTTCTCTCTTGGCAGTTCTGCCCTGCACAGCTCTGGCCTCCACAGTTCTGGTTGGTTTGTCAAGGACGTTTTTAATCTCCATGGTAAACCCCGGCCGGCGGGGAAGGGGGGTGGCAGGGAGAGAGTGATGATTGGTAGAGCATATACCTGTCCAGGTGCACTGGAGCTGGGAGCAAAGGAGGCTCTGTGAGAGGAGGGCCAGTTCAGCCGCAGCAGGAGGACTGACAGGTGAGGGGTCTCTGGGCGTGGACTGGAGTATGAACCTGGAAGGGCCAGGCAGGCAGGGCATAGGGGATGGTAGGGGCAGTAGCCAGCACCTCACTTTGGCTTTGCAGAGGCCTTCTGGTCCTGGGGTTTTCCTGCCTCTGTGACCTGAGCTGTCGGGGAGAAAGGAGGGTGCTCCGAGATTGGCAGGGAGAGTCGGAGCCATCCATGGGACTCTGCAGTGAGAGAGTCACAGCCCTGGGCAGAGACTGCTCCCAGTAGTGGAAGCACCAAGCGACCCAGGAGGGTGGGAGCGGTGTCCACAGTCTGCTGCTGGACACAGGGGGACACCTAGGAATCCCACCCTCATCCCACAAAATGACACACACAGGCACACACCCTCAGTGACGGAACCTCAGGGATGAGGGCACACACAGACCTAGTGTGATAACACACACACACACGCACAATCCTTCCTCTTCATTTGGGTGGGGAG,2500,0,,1,0.3767733841892863,0,0.6000000000000005,Random Forest,K3 + K4 + Basic,FN
ENSG00000124783,SSR1,signal sequence receptor subunit 1,1,positive,ENSG00000124783,SSR1,protein_coding,6,7268306.0,7347446.0,-1.0,reverse_complement_gene_orientation,Ensembl Homo sapiens GRCh38 primary assembly FASTA,TSS-proximal window: 2000 bp upstream + 500 bp downstream,TSS_Proximal_2kbUp_500bpDown_NuclearBalanced_v1,CTGAGGGAGCTGGCTCCGGCCTTGGCCAGCCCAGAAAGGGGCTCCCACAGTGCAGCGGTGGGCTGAAGAGCTCCTCAAGTGCCACCAAAGTGGGGGCCCAGGCAGAGGAGGCGCCGAGAGCGAGCGAGGGCTGAGTACTGCCAGCATGCTGTCACCTCTCAGAAGCTTTGTTTTTTGCAATAAATCTTGCTGCTGCTCACTGCCTTTATGAGCTGTAACACTCACCGCGAAGGTCTGCAGCTTCACTCCTAAAGCCACCGAGACTATGAACCCACCAGGAGGAATGGACACCTTAACAGCTGTAACACTCACTGCGATGGTCTAGTAGCTTCACTCCTGAGCCAGTGAGACCATGAACCCACCAGAAGGAAGAAACTCGGAACACATCCGAACATGATGAAGGAACAAACTCTGGACTTTAAGAACTGTAACACTCAGCACGAGGGTCTGCGGTTTCAGTCTTAAAGTCAGTGAGACCAAGAACCCTATTCCAGACACAGCTCTGACATAGAGTGGCAACACTGGTAGCGTGCACAGGAGCAGAGGCAGCAGCAAAGTGAGAGGAGGCCCTCCACTTATGCTGGGCGCCCTAGTAGCAGCAGCAACACAGCAGCGGTGCCACTGGTGGCCTGGCAGAGTGGAATTTGGTTGATTCAGCCCAGCACCATCAGGCTGTGACTTTAGCAGACTGTAGGTAGTGGTGGCAGTGGGTCCAAGCTGCATTTACAGCCCCCAGGACAAGGAGACCTGAAGCGGAAACAATGCAGGAGTAGAACAGCAAATGTCCTAGGTCAGTAGTGTATGGAATCTGGAACCAGATAGCCTTGTTCAAATCTTGCATCTGCCGTTTGCTAGCGTTTTGAAGCTTTGAGTAAATTACTAACCTCTCTGGGTCTGTTTTCTCCTCAGTAAATAATATCCAGCTCATAGAGAGGTTTAGAAAATTAAATGAAAAAGCACAGCTCTAAGGAGGTGATTGACAATAGTAAGCATATGATTTATTTCCTCATCTTTATGACATCTCACTCTGGTCCAGACCAAGATTACTTAATATTCAGATTAATTTCATGAACTGCTATATTACTCCAGCAACTCAAATCCAAAATAGATGAAAAGGAAACTAAAGAAAACTGGACAGCCATTGCTGCACCTATTGTATAGTTACAAATGCTGACTACATACCAAAACACTGTTTAGGTGACTTATAATTCTGGAATGTCACATACGAATTTAAGAATTGCTGGCCAGGCGCAGTGGCTCACACCTGTAATCCCAGCACTTTGAGAGACCCAGGCGGGTGGATCACCTGAGGTCAGGAGTTTGAGATTAGTCTGGCCAACATGGTGAAACCCCCGTCTCCAGTAAAAATACAAAAATTAGCCGGGCGTAGTGGTGCGCGCCTGTAGTCCCAGCTGCTTAGGAGGCTGAGGCGGGAGAATCGCTTGAACCCGGGAGGCGGAGGTTGCGGTGAACAGAGATGGTGCCACTGAACTCTGGCCTGGGCGACAGAGCAAGACTTCGTCTCAAAAATAATAATTTAAGAATTGTCATTACTTAACCATGGGAGAGGGTGTGGGCAGACAGGGGACAAAGATTTTCCACTGTGTATTTTCATGGTTTTTCCTTTGAACAATGTCCTCTCTTCCAACAAAATTTTTTGCTTTTAAGTGCCACATAAAGGCAGCTCATGTTCCTTACATCGCCGTTATCAAGAGGATCGTCATTCAAATAAAGTAACCACTGACAATGCTAATTAATTGGAAGTAAAGAACTGGGCGGAAAGAACGGCTAACCGCAAGCTGCCGGGTCGCAACTGCGGCGGAAGGCGGACTCTCGCGGGAGCCACAAAGAGGCAGCAGCCGGCCACGTGACTTCCCGGTGGCCTGCTCTCCCCACCTCTCCGCGCTGAGCAGCCACGTCGGCGGCGGTCCCTGGTCCAGGGAGGGGCGTGGCAAAGGCCCGTGCGCGGTACGTGTCCCGCCCCTCGCTGCCCGGAGCCCGGATGAAGAGTAACGCCATTACCGCCGGAGCCGCCGAGAGCCTTAGCCGACGGAAACTGGACACTGGACCGGCAGCGCCATGAGACTCCTCCCCCGCTTGCTGCTGCTTCTCTTACTCGTGTTCCCTGCCACTGTCTTGTTCCGAGGCGGCCCCAGAGGTGAGGCTGGGGGAGTGTGCGGAGGGGATGGCCAGGAAGGAGATGCCAGTGATGGCAAGTTTGAAGTTGGAGGCGGTGGCCGCTCCGGGTCCTGGGGTCCGCGTCCACCCCGCTGGCCTCTCTCCGCCCTCTCCCCAAGCCTAGGCTCGTAGCAGCAGGGGTCCCCGCGGGCGCTGGAGACCCCGCTGCGGCCTGCCCCTTGCACGCGGAGCGCGGGGCCGTGCCCGGGCGACCTTGCTTCGTGGCCGGCCGAGGGCTGGGCTTGCTCCTCTTGCCCTGGACCCTCGCCTGCAGGAGCGGCCAGAACTGGAGGGTCCTCGGCTGCAGGAGGAGGCGCTGGAC,2500,0,,1,0.3803670083865796,0,0.6000000000000005,Random Forest,K3 + K4 + Basic,FN
ENSG00000131781,FMO5,flavin containing dimethylaniline monoxygenase 5,1,positive,ENSG00000131781,FMO5,protein_coding,1,147175351.0,147243050.0,-1.0,reverse_complement_gene_orientation,Ensembl Homo sapiens GRCh38 primary assembly FASTA,TSS-proximal window: 2000 bp upstream + 500 bp downstream,TSS_Proximal_2kbUp_500bpDown_NuclearBalanced_v1,TATTCATGTTTTCCTTTAGGCATTTCTTCTAGTGCATTCAAAATTATCCAATTTACAAGTAATTCATTTTAAGTTAACTTCTAGCATATAAAATGGTTGTGTTGAAACACTGTCTTCAGAATTTTATTTTTAAAAGATACTATTTTAGTATAAATTCACATTTATAGTTGAATGCTTTTGTGAAAGATATTAGTCTTTAAAATATTTTACAGGCTGGCCTTGTTGGCTCATGCCTGTAATCCCAGCACTTTGGGAGGCCAAGGCAGGTGGATCACTTGAGCCCAGGAGTTCAAGACCAGCTTGAGCAACATAGTGAAACCTCATTTCTACAAAAAATACAAAAATTACCAGGTGTGGTGGCACACAGCTGTAGTCCCTACTCAGAAGGCTGAGGTGGGAGGGTAGATTGAGCCCAGGAGATAGAGGCTGCAGTGAGCCATGATTGCACCACTGCACTCCAGCCCAAGTGCCAGAGTGAGACCCTGTTTCAAAAAAAAAAAAGTTCGACAGTTCCAAAACACATTAATGTTAATTAGAGTCTGCTAAGTTGCTATAAATACAACAAAAAATTCAATGGCACAAACAAAATATCAGTTGCCTCTCATGAAAAAGTCCAAGATTAGCAGGTGCAGATTGGAAGAGCAAAATTGACTCAGGGAGTGGTAGAAGGAGAGCAAGGATCCAAGGCATGAGCCACAATCCATGCCTCTTACAACCCCTCACATCTGTCAAATAGAACCCTTGTCTGGATGGGCCCTTGTTCTAACCCAGTGCCTGAAATCTTGTATCTGTTATATTGGTGGTTCTACATGACTTTATATTTGAAAAGTTACATTTTAGAAGTGGATATTTTGTATTTTTGGTTACTAATATAACTGTGTGAAAGCACTATTAAAAATACTTTTATTTCGTTAAAATTACCTGTTTATGTTTTGGTCTCCTCCACTAATCTGTAAGCCCCTCTGAGTAGGAAACAATACATTCCTCACTATACTCCAGCACTCAGCTCAGTGCATGGGGATTTAAAAGTAAATTTCTTCCAGAAGTGTAGATTCTTAGATCCAGATTGTGAGGAGGGGAGGAGAGAGGTATAGGTGAGCCGGGGGCGGAAGTGGGGGCAGGATCATCTTAAGGAAGGAGACCACTGCTACTACTGCTGCCCTCCTCCCACCACCTTGCCTCGTTCACAAGACAGGAGGAGAGAAAAAGCAAAAAGTTGGAAAAAAAAAAAAGTAAGATAAATTGCCAGACAACCTTGGCACCACCACCCGGCCCTAGGAGTTAAAAAAAGTAATAATAATAACATCAACCCCTGACCTAAACTACTTGTGTTATCTGTGAATTCCTGACACTGTATGAAAAAAGCATTGTAGCCCCCAGTCACGTTTCCCACTCTTGTTTGATGTATCACGACCCTTTCACGTGGACCCCTTAAAGTTGTAAGCCTTTAAAAAGGCCAAAAATTTCTTTTTCGGGGAGCTCGGCTCTTAAGACGCGAGTCTGCCGACGCTCCCGGCCGAATAAAAACCTCTTCCTTCTTTAATTCGGTGTCTGAGGAGTTTTGTCTGTGGCTCATCCTGCTACAATCTGTTTGAACAGATCACCTGAAAGGTAGGTGTTCATTTAAGCATTTGGAGTAGAACTGGCTTTGGGGTTGTTGACAGTTTTCCCTTCACTAGGAAGTGTTTGTCACTTTAAGGCAAAAACCAGGAAGTTAAAAGTGGATGCAGAAGCGAGCACAGACGGGGCTAGGGGTTTCAGAGAAAGTAATTGAGAGTGCTGGCAACAGCAGCTGAAATATAGAGAAGTTGTAGGATTAACTTTTTCGCCCAAAGCAGCTTCAGCCCACGTTTTATTCCCATCGAGGGAGGGAGAATGGGTGCCGCTGAGTGGGCGGGGGAGTGGTCCCTGAAAGGAGGTGGAGTGCTACAGCCCCTCCCCGTTGGCTCTCGCTGTTTGTCCGTTGTTGGTTTATAGTAATTTGACAACAGCCGCCTGTTGAGTCTCCTCCAGATCGCAGCTGAAGGATCTGTTGAGCGCTTCAGGAAAGGCGGTGAGATCCGGTACCGCAGCAGAGCACTCTCAGCTCTGGGTCTTGCAGGCGCAGGGCTCCCCCATGCCAGCAGAAAGATTTCCTCTGGTGAAGAGGACCGTCGAATCTGTCCTCCTCAAGACACCTCTTGTACAGAATTTATTCGAATGCCACGGCCAAGGTCTTCCTTGAAAAATGTTAACCGATGTGTGCTTTTTGTCTTTTGTCATCCTTTCTTTAGGACAGGCGACACTAACAGGTGAAGATCTCGGGAGACCATGACTAAGAAAAGAATTGCTGTGATTGGGGGAGGAGTGAGCGGGCTCTCTTCCATCAAGTGCTGCGTAGAAGAAGGCTTGGAACCTGTCTGCTTTGAAAGGACTGATGACATCGGAGGGCTCTGGAGGTTCCAGGTACATACATCTCCTAGTCCCTTAATACTTGAAACCCTCCCTGCAACTAGGTGCA,2500,0,,1,0.3812813462692694,0,0.6000000000000005,Random Forest,K3 + K4 + Basic,FN
ENSG00000198793,MTOR,mechanistic target of rapamycin kinase,1,positive,ENSG00000198793,MTOR,protein_coding,1,11106531.0,11262556.0,-1.0,reverse_complement_gene_orientation,Ensembl Homo sapiens GRCh38 primary assembly FASTA,TSS-proximal window: 2000 bp upstream + 500 bp downstream,TSS_Proximal_2kbUp_500bpDown_NuclearBalanced_v1,TATTATACTTACATTGTTGCACAACTTGTAATTTTTAAACTAGTTGTGAACCTTTTCCTTCTTAGCAAATATTCATCTAATTACCACTATTTATTGTTATTATTATTATTTGAGACAGGATCTTTCTCTGCTGCCCAGGCTGCAGTGCAGTGGAGATCACAGATGACTGCAACCTTGAAGTCATAGACTCAAGTGATTCTCGTGCCTCAGCCTTCCAAGTAGCTGGGACTACAGGCATGTGCTACCACACACAGCTAATTTTTAAATTTCTTTTGTAGAGACAAGGGTCTCACTATGTTGCTCAGGCTGGTCTGGAACTCCTGGCCTCAAGCAATCCTGCCTCGGCCTCCCAAAGTGCTGGGATTCCAGGGATGAGCCACCATGCTAGGCTCTAAATTATAATTATTAATGGCTATGTATTTTTCTTATTATGAATGCATCTTTTTTTTTTTTTTTTTTTTTTTTTGAGATGGAGTCTCGCACTGTCACCCCAGCTGGAGCGCAGTGGCGCGATCTCGGCTCACTGCAACCTCCGCCTGCTGGCTTCAAGGGATTTTCCTATCTCAGCCTCCTGAGTAGCTGGCATTACAGGCACCTGCCACCACGCCTACCTTTTTTTTTTTTTTTTTGTATTTTTAGTAAAGACGGGGTTTCACTATGTTGGTCAAGCTGGTCTCAAACTCCTGACCTCATGATCCGCCCGCCTCGGCCTCCCAAAGTGCTGGGATTACAGGTGTGAGCCACCGCGCCCAAACGAATGCATCATATTTTATTGGACTCCTACTTTGAAATATTTAGGAATTTTCAGTGTTTACTATGACAAATAGCACTGTGATTAAAAAAAAATGTAGTCAAATCCACTTTTGCTGTTGATTTTTTTTTTTTTAATCTGTAGAGACATCGTCTCGCTATGTTGCCCAGGCTGGTCTGGAACTCCTGGCCTCAAGCGATCCTCCTGCTTTGGCCTCCCAAAGTGCGTGGGCCACCGTGACCAGCAGTTATTTATTTTCTTTGGTTGTGTGTGTGTGTGTGTGTGTGTGTGTGTGTGTGTGTGTGTATGTATGTATTGAGACGGAGCTTGCTCTGTTGCCCAGGCTAGAGTGCAGTGGCACGATCTCGGTGCATGCAACCTTCACCTCCCGGGTTCAGGCGATACTCGTGCCTCAGCCTCCCGAGTATCTGGGATTACAGGCGTGAGCCACCATGCCCAGCTAATTTTTGTATTTTCAGTAGAGACGGGGGGTGCGGGTGGGGGAATTTCACCATGTTGACCAGGCTGGTCTCGACTCCTGACCTACGGTGATCCGCCTGCCTCGGTCTCCCAAAGTGCTGGAATTATGGGCGTGAGCCACCGCGCCGGGCCAGCTATTGATTTTTTGAAAGGATTTTTAAAAAATAATGTTGCTTTGAAAATTTTTATTTATGACTAGCTCTTTTGGTTAAAACTTGGCTATGGTTTCTCTGGAGTGATCCTGAGTTGGATAATTTTGGGAAAGTTAGAGAATCTAATTAAAAACATTTTCAAATGCTTATTAATTGTAACAAAAGAGATATCACAGGATCCATAAAGAGCGCTAGCCCGAAACGTCTTTTGATGCAGTAATTCCTGGGCACCGGCATCGCTCACATTCTCCTCTCAGAATTACACCGGGAGGGGTCGCGAACCTCTGCTAGCCGCTCTCGCTGCGATCCGGAGATACCCAGACACCGGACTCCTTGAGTTCACAGCCCGGATGCAGAAGGGAATCCTAGCAGCGCCGTACCGGATGTGTGAGTGGAAGTGACTGAGGTGAACTCACGACCGATTGGTTCTCCCGAGTGGACCCAAGCCTGTTTTCACCTGCCACTGGCCGCGTGGTTTGTCTATTTGAACAGTCCCCGCCCCCTGGAGAAGCCGGGTCCTGAAGCTTCTCTTCTTCATTACTATTGGCCTGTTTTTCAGTCCATCTTCTCCCTATACCTGTCGATTGGTCCTCAGGGCTGGGAACCCTCCTTCCCTCGCTCCCGGCTTAGAGGACAGCGGGGAAGGCGGGCGGTGGGGCAGGGGGCCTGAAGCGGCGGTACCGGTGCTGGCGGCGGCAGCTGAGGCCTTGGCCGAAGCCGCGCGGTGAGTCTAGGGCCTGGCACGACCCCTCTAGGGCGGCGTAATGTCCAGACCCACGGCCAGCCTGCCCGTGGGGGGGCCAGGGGAAGCCGCCCGTCTGGGACGTGGGGTCCCCACATTGCCGGCCCCACGACCTGGGCACCGTCTGAGGCCTTGACTCCCACCCCTCGAGGCAACGCCCACCTCCCCGGGACCCCCAAGAGACCCCTGGACCCTTCGGCCCGCGGTACGTCCGCCCGAAGGCCGGCCCATCAGCTCTGGTATTGCCCTTTGGGTCTTTTGCCTGTCACAGCCACCCTTTCTTTTGAGCCACGTATAAAAATTGTGTATCTCTGCCCCAGGGAACACTAGCGTCCGTGTCAGCCCCTTGTCCTCCACTGTGGACACCTCTCAGAG,2500,0,,1,0.38669159181236007,0,0.6000000000000005,Random Forest,K3 + K4 + Basic,FN
ENSG00000004779,NDUFAB1,NADH:ubiquinone oxidoreductase subunit AB1,1,positive,ENSG00000004779,NDUFAB1,protein_coding,16,23581014.0,23596319.0,-1.0,reverse_complement_gene_orientation,Ensembl Homo sapiens GRCh38 primary assembly FASTA,TSS-proximal window: 2000 bp upstream + 500 bp downstream,TSS_Proximal_2kbUp_500bpDown_NuclearBalanced_v1,AGTGCAATGGCGCGATCTCAGCTCCCTGCAACCTCTACCTCCCGGGTTCAAGCAATTCTCCTGTCTCAGCTTCCTGCCTCCTGAGTAGCTGGGATTACAGTCACCTGCCACCACACCCAGCTAATTTTTGTATTTTTAGTAGAGACGGGGTTTCACCATGTTGTCCAGGTTGGTCTCAAACTCCTGACATCAGGTGATCCACCTGCCTCAGCCTCCCAAAATGCTGGGATTACAGGTTTGACCCACCATGCCTGGCCCCCAGACACTCGAGTTTTAAAGGAATGCTATAATAAATAGAAATTATTTTACAACAGTGGGATGAAACTATGTTTTTTTTGTTTTCGTTTTTTTTTTTTGAGATGGAGTCTTGCTCTTTTGCCAGCCTGGAGTGCAGTGGCGCAATCTCGGCTCACTGCAACCTCTGCCTCCCAAGTTCAAGCGATTCTCCTGCCTCAGCCTCCTGAGTATCTGGGACTACAGGCGCGCACCACCACACCCAACTAATTTTTGTATTTTTAGTAGAAATGGGGTTTCACCATGTTGACCAGGATTGTCTCGATCTCTTGACCTCGTGATCCACCCACCTTGGCCTCCCAAAGTGCTGGGATTACAGGTATGAGCCACCGCGCCTGGCAGCATACCATTACATTTTATTTTACTTGGATTTAACAAAAATAAAAAGAAATTGAGGTAAAACTGGTGACATTATTGGATCATTCATTCAGGCAGATTTCAGAATTTGGAGTCATTATCCCGTGTGTTTCCATTTCAGTCAATATCCTTTAGCTCCCTGCTTAGAAATAGGAATTAGCCTTCTTAAACTCCTCCCTCGCTTACCTATTTTTGTTAGCTATTGTAAGGAACATGGCTGTGCTTTGGTCAAGGATAGGCCAAGGTAAGATGTTTACATCCTGCGTGACTCAGCAAGTTTAGACAGAGGCGTATAACTCCACTTGTTATCACAGCCATGTAGGCATAACATGGGAAGGTCATCACTTGGCTCTAAGCCACTATTTTCTGTAAAAGGTATAATTGCCCTGCTGATACTGTACAGGCGTTCGTGCCCAGAGAAAGAGAGAGCCAGAGCTGTCAGTCTTTGCAGACAGACAGGGGGAGCCAGATCACAGCTGAGAGAGAGTTAAGCTGCTGACCCTGAAGGCAAGGGAGAGCCAGCCTCGCAGTTGTGTGGGGGAGCCATGGGACTAAGCAGCTGAGACAAGGCAGACAGTGTGAGAGAACTAGTGTAAGTAAGCTGCTGATGAGAGCTGCTGCTGAATAAAATCATCTTTCACCTGCCTACCGTCCCCTGAGTGTTCTTTCAGCTATCTGTTCATCCACCCACTCCCCTCAGACCTCGATATGGGCTGGAACCTGGCTGTGGGCATGACAGTTGGCATAGTCGTGGACCTGACAGCTATATTATACACTGTCAAGTTTTAAAACATGTATATTGTTTTAATCGTAATTCTCACATTTATTAGTCTTAGGTATTGAAATTGATTATTTTTTCACATTATTATATATATTTTTTTACCTATTCAATAAATGTTAATACTTGTGGAAGAATTGTGGAATCAAAACTTTGTCCTTTTTTTCTTTTAATCTTTTTTGTAATAGAGACGGAGTCTTGCCGTGTTGGCCAGGTTGGTCTTGAACTCCTGAGCTCAAACAGTCCTGCCACCTTGGCCTCCCAAAGTGCTAGGATTAAAGGCGTCAGCCACCGCACCCGGCCCCAAACGTTTAAACAGATGTATTTCAGAACTTTCAGATAAAAAATGAAAGTAGGTTTCTCGTGCCGTGTCGTTTAGGGAAAGACGGCGACGTCTGCACAGTTTAGTTGTGACACCAAGCAGTTGTTCGTCCCCGAACCTGGATGGGCTCCGAGGGCGCAGTGCCTCCAGGAGCCGCCAGGGGCCGCCACCGCCGGCGGTGCCCGACAGCGCTGCCGTGTGCGTCGCCTGCGCGCCGCCGGAAAGGAACCCTGGTCCGGAGGCGGCGGCGCAGTGCATCCTGGGTTGGCGTAGCCATGGCGTCTCGTGTCCTTTCAGCCTATGTCAGCCGCCTGCCCGCGGCCTTTGCGCCGCTGCCCCGGGTCCGGATGCTGGCCGTGGCCCGGCCTCTCAGCACCGCTCTCTGCTCCGCGGGGACCCAGACGAGGCTCGGGACTTTGCAGCCGGCCTTAGTGCTCGCGCAGGTGACTCGTGGTGACTTTGCTGCCGCTTGGCAAGGGTCAGGGATTGGGCCCGGTGGGGGTGGGGGCCGGGCATCCGGGGCGCGCCAGCTGCAGGCAGGGGTGACCCGGGGGGCAGCCGGCTCGCTCCGCAGCCCCGCTGCCTAAAGGTGTTTAGTTGACCCCTGACGGGAGGCCGGGTGACCTCGTAATAACGAGCAAGAGCACTGACTCGAGTCCAGCACTGCTGGGCTGCCGCTTACCGAAACTTTGGACAAGTCTCCTAGCCTGGCTCACACTCACCTGCAAAATTGGGATCCTGGTCTCTAC,2500,0,,1,0.39631748906814834,0,0.6000000000000005,Random Forest,K3 + K4 + Basic,FN
ENSG00000105792,CFAP69,cilia and flagella associated protein 69,1,positive,ENSG00000105792,CFAP69,protein_coding,7,90245161.0,90311063.0,1.0,forward_gene_orientation,Ensembl Homo sapiens GRCh38 primary assembly FASTA,TSS-proximal window: 2000 bp upstream + 500 bp downstream,TSS_Proximal_2kbUp_500bpDown_NuclearBalanced_v1,GCCAGAAATATTCAACGTCTGAGGCAGAAGGAACCTTCAAAATCACTTATCAACCTCATTCTAGAAATGAGGAGAGAAGCTCTGAGAAGTGAAGTAATATTTATTTTCATTGAATTTATATGTAATTTTAAATTCATAAATTCTATGGAAGATACAAAAATGCACGTTTAAATCTTGAATAATTTTTGAAAGTTTAAAAAACAGATTAAAAGAGTTAGAGTTTTTTAAATTTTCAGTTATGGTGTTTGAGTTATTAAATTATACTGATGATCATCATGAGAAGCTTTCCATTATAGTCTTGACCCTTCTTGTATTATTATTCAGTCTACAATGGATAGGCAACAACATGTCAACTGAAAAATCATAAGATCTATAAATTTAGAAAGGAGACTTTGTTTCTTATAATGAGTTACAACCTGCAGGCTGGCCATTCTGCAGGCTGGGAAGCCCAGGCTCCCACAGAGACAGTCAACAGGCACTTTGAAGGAGGTGGGGTTGGAGCAGAAGCTTTATGCTGAATGAGTTGGCTAAACAGACATATTCAACAGATTGTAAGAAGAGCTGTGAATCTTCACTAAGAGGGGTGCTGAATAAACATGCATGTGACATGCATCCCATGCTCACTGTGGAGTGGAAACTTAACATTTAAATGCATTACAGTCCCTATACATCAAAAGGAGAAGCAGAGACATGAATGTACTAGTGCTCAGTCTCTGTAAACCTGCCAGAACCAGTCCATAGTGGGTGGTCTTTTATCAGGGGAAAGTTACTGAATCGGTCCCTTGTCCAATCAAACCTGCAGTTATGACTTGTGGAACAGGAGGGTCTTGTTAGTCAACATCTGGCCATGGATGAGCTGCAATTATTTCAATATTGCTTATGTCGAGGGCAGTTCTTATTTAACAGCTAGAGAAAAATAAAAACATTGCAGCAGTTAAAACAAAGGTTATTCTTTAAGTGTAGGTGTGAGTGACTTAACTCTTGCCTGGCATGGCCTTAGGTCTTGCTTATAATTTGTTATTGCCACAGAGTCCATTCTGTTAGCCTTCTGATCTCCATTTTAACATTAATGCTGGTCAGTTGTTGAGTCTAAGCCCTCAAAGGGAGGGGGAGCCGAGCTTGGTGGCATGTGCACCTGTACTCCCAGCTATTCCCGAGGCTGAAGCGGGAGGATCGTTTGAGCCAGAGGTTGGAGGTTGCAGAGCTACGATCCTGCCACTGCACTCCAGCCTGGGGGACACAGTGAGACCCTGTCTCAAAAAACCAGGGGTGAGGGGGACGTGAAAAGGGAGGAGGTAGGGGGGTATAGCGAGGCGTGTCCGTCCTTCCGTCCCGTCAGGGCGAGGAATTCAGCTTTTAAGGTTTATCGGGGGTCCTCTTGGCCAAAAGGGGGTCCGTTCAGTCGGTTGTGGGGCTTAGGATTTAATTTTTAGTTCTCAAACAGTAATAAAGATAATGATAATCTTGACCATACGGGATGCTGTGCCAAGCACCACTTAACAAACACTGTCATCTCATTCAATCCTCACAACAGTCCTATTTTACAGATGAGAAAAGTGAGACTTCAAGGGATAACTCGCTCTAGATTCAATAAACTGACTCAAAAGCCTTTTAACATTCTGTACAATACCTTTTATGTTTGTTTATTTAACTGTCCAGTTGGGCCACTAAAGTACAGATAAAAGCTGGGGAATGTAAGCGAGACTGGTCACTTCCCTGGGGTGAGAGAAACGCTTTCAACACTATCCGTCCATCGTATCACGCCTAACGTATCCCATAGACATCCCTCACCCCTCCACCCACTCATGCCTGTTTGAAGCAAGACTATGAAGACCGAAACACACCGGGAGCCTAAGGCACCACTCCCCGCTACCTACCGAGGTGCATCCTGCAGGCTCCTTACCGCAAGCCTGCAAACTCGCCCTGCCGGGCGCGGAGTGCAATTAGGCTTTGGGGTGGTTTGGCTCTCCGGCTTTCCGTAGCCTCTGGCCCCGCCCCCTAGCAACGCGCTGGCTTGTGTTAACAACCGGCCCGGGATCAGAGGTCTGGGTCAACTGGGGGGCGGCAGCGGCGCTAAGCGGACTGTATGGCGGTGGCCTAGGCCCCTGGCGGAATTTTGGGACCTTTCGCGACTCTAGCGACTCTCAGGCTGCCTTCCCTTCTCGGTGGCGGGGCCTCTTTGGGCCCAGCGGCTGCGGGCGCACTGTAGGACAGGAAGATCCCCCCACTCTCCACCCCGCCGCCACCGGCCATGTGGACAGAGGAAGCCGGGGCGACCGCCGAGGCCCAGGAATCCGGCATCAGGAACAAGTCTAGCAGTTCCAGTCAAATCCCGGTGGTTGGGGTGGTGACGGAGGACGATGAGGCGCAGGTATGAGCAGGTGTCTGTGCTTTCAGAGGTGGAGGGGGTGGGAGTGAAGTCTCGAGACGGGGTCCAGACCTGGGGGTGGCAAGGGTGGAACTGGGGACAGGAGTGAAGATGGGGGAAGCCGCGGGATGG,2500,0,,1,0.4094552151791175,0,0.6000000000000005,Random Forest,K3 + K4 + Basic,FN
ENSG00000110717,NDUFS8,NADH:ubiquinone oxidoreductase core subunit S8,1,positive,ENSG00000110717,NDUFS8,protein_coding,11,68030617.0,68036647.0,1.0,forward_gene_orientation,Ensembl Homo sapiens GRCh38 primary assembly FASTA,TSS-proximal window: 2000 bp upstream + 500 bp downstream,TSS_Proximal_2kbUp_500bpDown_NuclearBalanced_v1,AAAAAAAAAAAAAAAACCTCCTGGGACTGTTGCAAGGATGAAATGAAGGATTGAGGGATTGAGGGATTGCTGAGCTGGAGCTCCAGGTGTCCTATCTTTCTCAGTGGGGTGGCACGGAGCGGGGCCGCCTCCCTCTTCTCTCCAGGCAGGTGGGGCTGTGGTTATGCGATAGGGTCTCCCTTCCCTCCAGCCCATGCCAGAGGAGCTTGTAACTCTTTATCCTCATGGTGCCCACTACGAGTCATACTCTTCCCCATGCTGCTCATCCTCCTGGGCCCCATCCACTCAGCCAAAGCAGAATGCAGGGTTTCCTGCCTGACAACCCTTCTCACCTCCCAAGTCCCACTTTTGAACAAGCTGATGATTCTGAAACTGGCCCAATTTCCTAACAAGCCGGATGCTTGAGAAACCTACATTTGGACAATGAGAGGCTGCTCCTGCGGCCTGCGGGCCACCTCCTCTTCCTTGGCTCCTGCTTTCTTTTTAGACTATATCAACCTACAACTTTAGTCGGGAAGAGGGACAGGGGTGGACCTGAGTTTCGTCTCCTGTCTCTCTGGCTGATGTCACCTGAATAAAGCCTTCTTCCCTGGCAATACTTACATCTCAGTGATTTGCTTTCTGTGCATCTAGCAACAGGACTCTGGACCAAGGCCCTGGCGTTGGGTAACAATTCTGTAATGCTGCAGGACTTCCCCAATCCACGCAGGAATCCCCGCAGGCATCCACGCAGGAATCACCTGATGAAGGGCCAGGGTCAGGTGTGGGCCACCATCCCAAGACCTCCCTTCTCTCTAGGGCCAGCCCCTCTCCTCTGAGCACCTGCTGACCAGCCCAAAGCCCTCTCCACTCCTCAGCTTGAACTCCCCCAGGGTCTCCCTGTGGCCCACAGGTCCTTTGGAGGCTCGGGCATCTGCATGCAAATCCCAAACCACTGTCCCCTTTGCACACACTGAGCCTGCCCTTGTCCTCGTCCTGGTCTACCATGCGTGTCCTCCCTCTGCACGGGCATGGGACATGCCCTCTGCCTCCTTCCTGTCCTGGCCTGCCCAACTCCTACCTACCCTCAGCGCAGATCCTCCCAACACACACATGCAGGCAGCCTCGGGGCCTCTGCGGGTCCCTCTACCACAGCATTCCCGGGGAAAGGCCCGGCGTGGTGGCTCACGCCTGTAATCCCAGCACTTTGGCAGGCCGAGGCAGGAGGATCGCCTGAGTCCAGGAGTTCCAGACCAGCCTGGGCAACATGGCGAGACCCCGTCTCTACAAAAAATACAAAAATTAGCCGAGCCTGGTGGTGGCAGGCGACTGTGGTTCCAGCTGCTCGGGAGGCTGAGAAGTGAGGATCACCCGAGCCTGGGAGGTCGAGGCTGCAGTGAGCCGAGATCGCACCACTGCATTCCAGCCTGAGCCACAGAGCCAGATTGTCTCAAAAAAAGAAAAAAAAAAAAAAAAAAAAAAAAATTCGCTGGTAGGAAACATAGGCTGGTTGAGTACGGGAGTCATACAGATCAGGTGGATCAGGCGGCCGCACACCGCAGCTCTACGGCCCGGGAACGTTACTAAATACTCCCATGCCTCAGCTTCCCGCCTTAACGTGGTAACACGTTACTGTAGTTTCTCCACGCAGAGCTGCTGTGAGGATTAAAAGAGGCCGCGTGAGTTGAGCATCTCGTCGCCATTACCGTCATCACACGCCCCCCACCCAACCCGGCGGGCCCACCCTCTGCACCCACGGCGAAAGCACTCTTTCTAAACCACGCCCCGGATGTCCCGCCTCCAGCGGCTCGGAGGTCTTCACTTATTGGCCTCCCCAAACCAACATGGCGGCCCCCTACAAACTTCAAGCGCCGGTCTCTCCTAGCCAATCAAAAGAAAGATATTTCTGAATCCCGCCTCTTTCAGCAGCCTTGCTGGCCAATCAGACCACACCATGAAGCATCAATACAGAAAAGGGGGAACCCGCTGGCCCAATGGCAGCGTCCTACAGTGTAGCCTCCGCCTCCCGATTGACTGGCCTGCTTGGCAAGGCAAGTAGCGGCGGCGCTTCAAGGTGGGTGTTCACGTTTTGGCCGTGAAAGTCGGGCTTGGGCAGCGTGGCGTCGGGGGCGAGTGTGGTGTCCCCGTTGGCGCCGCCAGCTCTGCGCCTGGGCTTCCCCTCGGCTCACTCAGGATCCGCGGCCTCCGTGTCCTTCAGGTGCAGCGGGGAGCCGGCTCTCAGGGCGCATGCGCCGCCCGCTCTGCGCCACCGGCCTAGTTAGGGTCGGAGATCACTGGGAAGGTGGGGAAGGTGCTGGGTTGGGTCCCTGGAACTGCAGTCAGTGATCCAAAGGAGTGGGCCTGTTAGGGGGTTCACAGGTCGTGGGATGAGCTCTTATGAGCGCCGGCTAAGTGCCGGGCTCTGGGGTGCCCTTGGCATGTACGGGCTCCCCTAATTCCCAAGACCAACCGCCCCCAACCCACTTCATAGGTGAGAAGACGGAGGTCAGGTCACATCATC,2500,0,,1,0.4106009542015437,0,0.6000000000000005,Random Forest,K3 + K4 + Basic,FN
ENSG00000007314,SCN4A,sodium voltage-gated channel alpha subunit 4,1,positive,ENSG00000007314,SCN4A,protein_coding,17,63938554.0,63972918.0,-1.0,reverse_complement_gene_orientation,Ensembl Homo sapiens GRCh38 primary assembly FASTA,TSS-proximal window: 2000 bp upstream + 500 bp downstream,TSS_Proximal_2kbUp_500bpDown_NuclearBalanced_v1,GGAGAGTGGCCGGACGCACAGGTGATGTCCTGCTCCCAAGAAGAAAGGCGGTGTGCGGTGTGGGAAGCTCAGGAGGGCCAGCGGGGAAGAAAACACTGGATCTGTCCCCTGGGGAGCTCTGGTGACTCAGGTGAGAGTCATTTCCTCGAGTGCTGGGGTTGGGAGCCAGACTATGTGTCTGTGGGCTTTTGTGGCCCTACTTGGGCTCGTGTAATGAAAAGAGTGAGCAGTATCAGGACAGGAGGATCATCACAGCAGGGACTGCAGACTGGGTGGGTGCACAGCAGCCCTGGGGTCTCTTCAAGGCCATCTGGCTGGTTGGCGCCTTCTGTGTAGTGACAAGCAGCATGTGGGGGTGTACGTGGAGTGGGTGATGGGGAGGAAGGTGGCAAGGTATATGACAGAGCTGTGAGATGCAACTGGGAAGGTCTGCATGTGGGGTGGCTCCAGGCCGGGTGTGCGTGCATGTGCCTGTGTGTGCAAGTGTGTGCACATGCACGCCCACGCTCACGACAGGGGCCAGTGAGCAGCTGAGGGCAGGGTTGGCAGGAATAAGCAGAGTCATCCCCGTGGAAACACGACTCCCTGGGTGCTGTAAGGAGCAGCTGGGAGCCAGGCACAAGGGCGTGGCCAGCTCTGCCCAGTGGCTCTGGCCTCTCCCTGGCCACCCTCCCCACCTGTTGAGCAAGCCTGAGAAGCGCCCGTGCTGACCAGGGCAGGGGCGCTGCTGCAAGGGTCAAGGCCCACTGGGAGAGGTCCACCCTCAGGTGTGGCTTTGGGGGTCTCTAGGGGTCTGTCCAGGTCCCTGTGGTGCAGGGGTGGCTCCAGGTCTGTCCATGTGGGTCTGGCAGTGGCTGCCTGCAGCTGGTCTGCAGGGGTCTCACTGCAACTGCCTGCTGATGTGGTCATTCCCCCAGGGCCATTTGCAATAAGTGATCCCCCTTCCCTTCCACAGGAATAGGCTCTGGAGGGCTGGGCAGAAGGGGAGAGGGGCCAGGTGGGGCCCAGACCACACAATGCTCACAGGCATCAAAGGCTCCTTGTGGATGCCCCTTCCCCCAATCCAGCTTGTGCTGGGACCACCAGCCAAAAGCAGTCCCCAGGAGCTCTAGCCCTGCCCCCACCATTGGAGTTGTCCATCTCCTTGTCCCTGTGACCTTCCCTGTACGTCTTCTCTTCCACGTTAGCACCTGCAGCTCTCCAGATGCAATGTTCCTCTCCCAGTTCACCCTGCCTGCCCAGTGGGCTAGAGCCCCCAGGGCTGTGGGAGGGAACTGCTAGGAGACCCCTGCCGGGCCCAGGGCCCTTTCTTCTTCCCTCTCCCAGCCCAACACCAAGTACCCCAAAGATCAGGAAAGAGGAATCCACACCCACCCCCATCTTTCTTTTCCCTTCCCTCCAGGCCAGGGATGGCAAACACAGGCAGAGGCACCACGGTCTTCCTCCTTGCGCCCCTGGCAGACATCACTAATCAATCACAGCAACCTTTTTGCACAGAGCCTGGCTGCCACCTTCATGGTCTCCACCTACATCTCCAGGTGGCCAATATCAGGATCCACGTCGGCCCTCAGGGTGAAGTCCCTGTGCCAGTCCCACTTTGATCTAACCCCCCAACCAGGCCCCTCATCCTGGCCTATCCAGAGGTCGCCTGAGCACAGCCAGCTGTGGTTCTCTCTCTGTCCCATTAGGCTGAAGCCACACAGTTCCCGGAGCTTGGGCCCAGGAGGCAGTCGAAGGCACTGGGGTGTTGACCCCAAGTCCCAAGGCCACAAAGAATCTGGTTGGTTTGCCGTCGGTCCTGAGGGCAGCCGCTGCCACTTCTGGGGAAAGTGTGGTGGGGGGGCCAGGGGTGATGCTCTGTGCCCAGCACCTGTGCAGCAGCAGCACCTTGCAGGCACATCTCCCAGTCCTGATAGAGTCTGCACGCCCACCTCCCCGGCTCGGCCACTGGGCAAGCAGGAGGTGAGGAGTGGACGGCCCGCCCAGGGAGGGGCGGCCGCCCAGCACCCCGGGGCTGCGCACTGCAGCTCCCCAGGCCACCCACCACCCTTCTGGTCTCTGAGCCCAGGATGCGAGGATGGCCAGACCATCTCTGTGCACCCTGGTGCCTCTGGGCCCTGAGTGCTTGCGCCCCTTCACCCGGGAGTCACTGGCAGCCATAGAACAGCGGGCGGTGGAGGAGGAGGCCCGGCTGCAGCGGAATAAGCAGATGGAGATTGAGGAGCCCGAACGGAAGCCACGAAGTGACTTGGAGGCTGGCAAGAACCTACCCATGATCTACGGAGACCCCCCGCCGGAGGTCATCGGCATCCCCCTGGAGGACCTGGATCCCTACTACAGCAATAAGAAGGTCTGGGCCTGGGAAGGCTTCCTCTGTCTGTCTGCCATCCATCCATCTGTCTGCCTGTCTGTCTGTCCCTGGGTCTCACAGCCTCTCTCCCACCTTAGACCTTCATCGTACTCAACAAGGGCAAGGCCATCTTCCGCTTCTCCGCCACAC,2500,0,,1,0.4157891642898172,0,0.6000000000000005,Random Forest,K3 + K4 + Basic,FN
ENSG00000106636,YKT6,YKT6 vesicular SNARE protein,1,positive,ENSG00000106636,YKT6,protein_coding,7,44200959.0,44214294.0,1.0,forward_gene_orientation,Ensembl Homo sapiens GRCh38 primary assembly FASTA,TSS-proximal window: 2000 bp upstream + 500 bp downstream,TSS_Proximal_2kbUp_500bpDown_NuclearBalanced_v1,TATGGCTAGCCAGTTTTCCCAGCACCATTTATTAAATAGGGAATCCTTTCCCCATTGCTTGTTTTTGTCAGGTTTGTCAAAGATCAGATGCTTGTAGATATGCGGCATTATTTCTGAGGGCTCTGTTCTGTTCCATTGCTCTATATCTCTGTTTTGGTACCAGTAGCATGCTGTTTTGGTTACTGTAGCCTTGTAGTATAGTTAGAAGTCAGGTAGTGTGATGCCTCCAGCTTTGTTCTTTTGGCTTAGGATTGACTTGGCAATGCGGGCTCTTTTTTGGTTCCATATGAACTTTAGTTTTTTCCAATTCTGTGAAGAAAGTCATTGGTAGCTTGATAGGGATGGCATTGAATCTATAAATTACCTTGGGCAGTATGGCCATTTTCACGATACTGATTCTTCCTACCCATGAGCATGGAATGTTCTTCCATTTGTTTGTATCCTCTTTTATTTCATTGAGCAGTCGTTTGTAGTTCTCCTTGAAGAGGTCCTTCACATCCCTTGTAAGTTGGATTCCTAGGTATTTTATTCTCTTTGAAGCAATTGTGAATGGGAGTTCACTCATGATTTGGCTCTCTGTCTGTTATTGGTGTATAAGACTGCTTGTGATTTTTGCACATTGATTTTGTATCCTGAGACTTTGCTGAAGTTGCTTATCAGCTTAAGGAGATTTTGGGCTGAGACGATGGGGTTTTCTAGATATACAATCATGTCATCTGCAAACAGGGACAATTTGACTTCCTCTTTTCTTAATTGAATACCCTTTATTTCCTTCTCCTACCTGATTGCCCTGGCCAGAACTTCCAACACTATGTTGAAAAGGAGTGGTGAGAGAGGGCATCCCAGTCTTGTGCCAGTTTTCAAAGGGAATGCTTCCAGTTTTTGTCCATTCAGTATGATATTGGCTGTGGGTTTGTCATAGATAGCTCTTATTATTTTGAGATACGTCCCATCAATACCTAATTTATTGAGAGTTTTTAGCATGAGGGTTGTTGAATTTTGTCAAAGGCCTTTTCTGCATCTATTGAGATAATCATGTGGTTTTTGTCTTTGGTTCTGTTTATATGCTGGATTACGTTTACTGATTTTCGTATGTTGAACCAGCCTTGCATCCCAGGGATGAAGCCCACTTGATCATGGTGGATAAGCTTTTTGATGTGTTGCTGGATTCGGTTTGCCAGTATTTTACTGAGGATTTTTGCTTCAATGTTCATCAAGGATATTGGTCTAAAATTCTTTTTTTGTTGTGTCTCTCTCTGCCACCCTTTGGTATCAGGATGATGCTGGCCTCATAAAATGAGTTAGGGAGGATTCTCTCTTTTTCTTTTGATTGGAATAGTTTCAGAAGGAATGGTACAAGCTCCTCCTAAAATGTGGCACATATACACCATGGAATACTATGCAGCCATAAAAAATGATGAGTTCATGTCCTTTGTAGGGACATGGATGAAGCTGGAAACCATCATTCTCAGCAAACTATTGCAAGGACAAAAAACCAAACACCGCATGTTCTCACTCATAGGTGGGAATTGAACAATAAGAACACATGGACACAGGAAGGCGAACATCACACACCGGGGACTGTTGTGGGGTGGGGGGAGGGGGGAGGGATAGCATTAGGAGATATACTTAATGCTAAATGACGAGTTAATGGGTGCAGCACACCAACATGGCACATGTATACATATGTAACAAACCTGCACGTTGTGCACATGTACCCTAAAACTTAAAGTATAATAATAAAAAAAATGCTTACTTTAAAAAAAGAAAGAAAAGAAAAAAAAAAAAAAGAAGGGTTCAGGCCGCTGTGGGAGGCCCAGCACCACCCAGCACAAGACAGTACGGTATCCCGCCGCGCGCCCGACTCCACCTGGCGAGCAGGGAGGGGCCAAGCTTACGCGAGGCGTGGCATCCCGCCCCTCGCTGCATTGTACTTCCGGGCTCACATTTCTGCATCCGGAGTATGAGAACCCTCAACCAGGCTGACCGGATCCGGAAGTGGATTGCGAGCCAGGAGGAGGAAGCCGGCGGTGGCCCCGTCAGCAGCCGGCTGCTGAGAGGCCGGTAGGCGGCGGCGGTCCCGAGGGGCGGCGGCCGCGCTGCTCCCTGAGAACGGGTCCCGCAGCTGGGCAGGCGGGCGGCCTGAGGGCGCGGAGCCATGAAGCTGTACAGCCTCAGCGTCCTCTACAAAGGCGAGGCCAAGGTGGTGCTGCTCAAAGCCGCATACGATGTGTCTTCCTTCAGCTTTTTCCAGAGATCCAGGTGAGCGGCACAGGCTGGTGGGCCGTGGCGGTCGGGCGGAGAGGACTGGGGTGGGGGTCCGAGTCGGAGTGGGCCTGGGGTCGGCGGAGGGATGAGGGGAGGGTGGAGGAGGCCAAGGGTAGGGGCAGGGCGGGGTGGCCGAGTGCCCGGGGTCTGAGAAGGCTGGTGTCCGAGTCAGAGGCGGGGCGGGGTGGGGAGGGCCCGGGGTCTGCTGTCCGGGCTTGGTCTCCTATAATGG,2500,0,,1,0.41854117857453177,0,0.6000000000000005,Random Forest,K3 + K4 + Basic,FN
ENSG00000128805,ARHGAP22,Rho GTPase activating protein 22,1,positive,ENSG00000128805,ARHGAP22,protein_coding,10,48446036.0,48656265.0,-1.0,reverse_complement_gene_orientation,Ensembl Homo sapiens GRCh38 primary assembly FASTA,TSS-proximal window: 2000 bp upstream + 500 bp downstream,TSS_Proximal_2kbUp_500bpDown_NuclearBalanced_v1,GCCCTGTGACCCTGGTGTCGACATGAGATTTTCTAGCTTGATATTCTCCCCACTCCTCATGGGTGGCCCCTGTCCCAACCAGGGCTTGTACCTGGCCTTAAAGGAAAAGGAGGTCAGTTCTGTCATTCAGTGGTGTTTCTTGGATCTGCCCATGAAGCCAGAGTTTCCTGTGAGGCTTCTGGCCTGAGTCAGCCTGGGGCTCAGGGAGGGCGTACAAGAGGGGCAGTACAGGGACATAGATAAGGGCCCAGGGGAAGTGCTTAGTGGCTCATTCTGCTGGTGGAATCAGGAGAATTTCATTGGGGAATTGCCCAAAGAGGACAAGGCAATGTGAGGAAGGGCATTCCAGAGAGAGGGAACTGCACGTGCAAAGACACAGCTACATGTGCAAAAACACAGAGGCACAGGAGAGCAGGGGCTGCACATGCAAGAACAGGAACACACAGGAGCAAGGCATGTGCAAAGTCACTGGGGCACACAGGAGCAGGCGCTGTATGTGCATATGGTTGTATAGAGCATCGGCAAGAGATAGGTCAGAGAGGAGTCCATGGATGCTACCATGAAAGAACCTGGAATGTTATGCCAAGGTACTCATTCATCCCTCTGAGGAGTAGCTGAAGACCAGAACAAGTGACTTGATGCTGAGTAAGACAGCTTTGTGTCCATGGACTCTACCTTCTCCCACCAGCTTGGCCATGTGGCTCACCACATCCTGGTGAGTCTTTCTTCTTACTCTGCAGTCCTCCCCTCTCCATAGGGCACACTGTTCCCTAGGGAGGACTGCCACAGTGATCTCCTGGTGGGCTCTCTCCCTCTACAGCTGCTAAAGTTGATTACATACCAATAGGACACTTGGGGATCTGTGGACATGGGGCACTCGAGGGAGTGTGGAGGGTCAGATGGAGGCTATGGCCATCTGAGCAGGGGAGGGCATTGTTCAAATCCCTCTTTACCAGCTACTGAAAGGGTCACACAGTTCTCAGGCCCAAATAGCCAGACCCAAGCTCAGATGCCTAAGAGGATACACGGAGTGATTATCAGGGGCACAGAGGCAGGTCACCGTTCAGCAAGTTCATCGGGGGCTCAAGCCAGGAGCTGTTACCATGCAGTGATGGGAATAGGGTGGAGAGGCTGGCATCACAGAGCAGCAGGAGCTGTAGACACAGCCCTGGGTTCTGGTGCCCGCCCTGCTGCTCGGTACTGTATGACTTTGGGCAGGTGATTCAACCTTGCTGTGCCTTATTTTCCAGATTTGAAACGCTATATATATAGCACCTGCTTCAGGAGTTTGAGAGTTAAATGAGATATTGAATGTAAAGCACCAGCCTCAGTGCCTGACACATAGTAGGTGCCTAATAAATGATAGCTATTGTTATGATTGCATTCCTTGGGTAATTTTTAGCATCTTGAGGCTGGATTCCGCTCCTCACAAAGCCCCAGTATACACCCTTTAAAATTATGCCAGCATCAAACAGAAACATGGCAATTAGCAGAGATTCACTATTCAATTCAGATCTTCCTATGAAGAGCCCTGAGTTAAGTGCTTCCTGCCCTCTTATTCCTGTCACCTTACTAAAGAGGCATAAATAGTATCCCTAACAGGCATCTTCCTGTTGGGAGTCTCCTGAGGAGTTTACATTGCCGGGCTGCTTGCTCCTTCCCAGACACACCTGACTTTCAACACGTAAAACAGTGAGCTCATAAGCGGGTCCCCGTGGATTGGGCTCTGGGGTGGGGGGGGGGTCTCGGCTACCTTCTCACCAAAGCGCTATCCCACCCGGGCTTGGCAGGGAGTGCGGCTCCCAGGCGGCGGCTGAAAGGCGCATTTCTTCCAGCCTCAGCAAAGGATGGCCGGAACCCCAGTACCCTCTCCCGGGCCAGGACCGCGCCCCGCGTCTCTGGCTGGCCCCGCCCCTCTCGGCCCCGCCCCGCCCCCGCGCTCAGCTTGGACAGCCACGCGTGCGCCCAGGCCAGGCGGAGGGACTGCCCCGCCCTGGTCCAGTGATTGATCAGCAGTGATTACTGAGGCTTTAATGGTCCGCTTGGATGGGAATTAATTCTGGGATGGATAAATAATGCATCGAGGTTTATGTAGTCCAAGGCGAGCCGTCCGTCCGGAGCCAGGAGAGGTAGCCGAGGGAGCCTGACGGGTGACGCCAGCGGCCACGGGGCCCCGAACGAGCAGGACATGAGGGGCGACTAGGCGCGAGGACGAGCAAAAGCAAGTGGATGACAGCATGAACGGCCCTGCGGGGCTGGCCGGACGGCTGCAAGAACATGCTGAGCCCAAAGATCAGGCAGGCCAGGAGGGGTAAGTCCAACTTTCTGGGGTTTCTCTGGGCACCGCATGTGCCTCTTGGCAAACGTGCGCGGACACTTGGCCAGCCGTCACGCCATGTGTCACATGGGGCGGGCGTTCTGGGACCATTGCCGCTGAATAGTGAGCATCCTCCTGAGGAAGTGCCCTTCCTCGTGAAACTCCTGGGCTGGGTGGGGACAC,2500,0,,1,0.4202606210529228,0,0.6000000000000005,Random Forest,K3 + K4 + Basic,FN
ENSG00000254647,INS,insulin,1,positive,ENSG00000254647,INS,protein_coding,11,2159779.0,2161221.0,-1.0,reverse_complement_gene_orientation,Ensembl Homo sapiens GRCh38 primary assembly FASTA,TSS-proximal window: 2000 bp upstream + 500 bp downstream,TSS_Proximal_2kbUp_500bpDown_NuclearBalanced_v1,GGGCATCCTGCAGGGGGTGCTGGGACACCAGCTGGCCTTCAAGGTCTCTGCCTCCCTCCAGCCACCCCACTACACGCTGCTGGGATCCTGGATCTCAGCTCCCCGGCCGACAACACTGGCAAACTCCTACTCATCCACGAAGGCCCTCCTGGGCATGGTGGTCCTTCCCAGCCTGGCAGTCTGTTCCTCACACACCTTGTTAGTGCCCAGCCCCTGAGGTTGCAGCTGGGGGTGTCTCTGAAGGGCTGTGAGCCCCCAGGAAGCCCTGGGGAAGTGCCTGCCTTGCCTCCCCCCGGCCCTGCCAGCGCCTGGCTCTGCCCTCCTACCTGGGCTCCCCCCATCCAGCCTCCCTCCCTACACACTCCTCTCAAGGAGGCACCCATGTCCTCTCCAGCTGCCGGGCCTCAGAGCACTGTGGCGTCCTGGGGCAGCCACCGCATGTCCTGCTGTGGCATGGCTCAGGGTGGAAAGGGCGGAAGGGAGGGGTCCTGCAGATAGCTGGTGCCCACTACCAAACCCGCTCGGGGCAGGAGAGCCAAAGGCTGGGTGTGTGCAGAGCGGCCCCGAGAGGTTCCGAGGCTGAGGCCAGGGTGGGACATAGGGATGCGAGGGGCCGGGGCACAGGATACTCCAACCTGCCTGCCCCCATGGTCTCATCCTCCTGCTTCTGGGACCTCCTGATCCTGCCCCTGGTGCTAAGAGGCAGGTAGGGGCTGCAGGCAGCAGGGCTCGGAGCCCATGCCCCCTCACCATGGGTCAGGCTGGACCTCCAGGTGCCTGTTCTGGGGAGCTGGGAGGGCCGGAGGGGTGTACCCCAGGGGCTCAGCCCAGATGACACTATGGGGGTGATGGTGTCATGGGACCTGGCCAGGAGAGGGGAGATGGGCTCCCAGAAGAGGAGTGGGGGCTGAGAGGGTGCCTGGGGGGCCAGGACGGAGCTGGGCCAGTGCACAGCTTCCCACACCTGCCCACCCCCAGAGTCCTGCCGCCACCCCCAGATCACACGGAAGATGAGGTCCGAGTGGCCTGCTGAGGACTTGCTGCTTGTCCCCAGGTCCCCAGGTCATGCCCTCCTTCTGCCACCCTGGGGAGCTGAGGGCCTCAGCTGGGGCTGCTGTCCTAAGGCAGGGTGGGAACTAGGCAGCCAGCAGGGAGGGGACCCCTCCCTCACTCCCACTCTCCCACCCCCACCACCTTGGCCCATCCATGGCGGCATCTTGGGCCATCCGGGACTGGGGACAGGGGTCCTGGGGACAGGGGTGTGGGGACAGGGGTCCTGGGGACAGGGGTCTGGGGACAGGGGTCCTGGGGACAGGGGTGTGGGGACAGGGGTGTGGGGACAGGGGTGTGGGGACAGGGGTCCTGGGGACAGGGGTCTGGGGACAGGGGTCTGAGGACAGGGGTGTGGGGACAGGGGTGTGGGGACAGGGGTGTGGGGACAGGGGTGTGGGGACAGGGGTCTGGGGACAGGGGTCCGGGGGACAGGGGTGTGGGGACAGGGGTGTGGGGACAGGGGTGTGGGGACAGGGGTCTGGGGACAGGGGTGTGGGGACAGGGGTCCTGGGGACAGGGGTGTGGGGATAGGGGTGTGGGGACAGGGGTGTGGGGACAGGGGTGTGGGGACAGGGGTCTGGGGACAGCAGCGCAAAGAGCCCCGCCCTGCAGCCTCCAGCTCTCCTGGTCTAATGTGGAAAGTGGCCCAGGTGAGGGCTTTGCTCTCCTGGAGACATTTGCCCCCAGCTGTGAGCAGGGACAGGTCTGGCCACCGGGCCCCTGGTTAAGACTCTAATGACCCGCTGGTCCTGAGGAAGAGGTGCTGACGACCAAGGAGATCTTCCCACAGACCCAGCACCAGGGAAATGGTCCGGAAATTGCAGCCTCAGCCCCCAGCCATCTGCCGACCCCCCCACCCCAGGCCCTAATGGGCCAGGCGGCAGGGGTTGAGAGGTAGGGGAGATGGGCTCTGAGACTATAAAGCCAGCGGGGGCCCAGCAGCCCTCAGCCCTCCAGGACAGGCTGCATCAGAAGAGGCCATCAAGCAGGTCTGTTCCAAGGGCCTTTGCGTCAGGTGGGCTCAGGATTCCAGGGTGGCTGGACCCCAGGCCCCAGCTCTGCAGCAGGGAGGACGTGGCTGGGCTCGTGAAGCATGTGGGGGTGAGCCCAGGGGCCCCAAGGCAGGGCACCTGGCCTTCAGCCTGCCTCAGCCCTGCCTGTCTCCCAGATCACTGTCCTTCTGCCATGGCCCTGTGGATGCGCCTCCTGCCCCTGCTGGCGCTGCTGGCCCTCTGGGGACCTGACCCAGCCGCAGCCTTTGTGAACCAACACCTGTGCGGCTCACACCTGGTGGAAGCTCTCTACCTAGTGTGCGGGGAACGAGGCTTCTTCTACACACCCAAGACCCGCCGGGAGGCAGAGGACCTGCAGGGTGAGCCAACTGCCCATTGCTGCCCCTGGCCGCCCCCAGCCACCCCCTGCTCCTGGCGCTCCCACCCAGCATGGG,2500,0,,1,0.42047190153439007,0,0.6000000000000005,Random Forest,K3 + K4 + Basic,FN
ENSG00000184185,KCNJ12,potassium inwardly rectifying channel subfamily J member 12,1,positive,ENSG00000184185,KCNJ12,protein_coding,17,21376303.0,21419870.0,1.0,forward_gene_orientation,Ensembl Homo sapiens GRCh38 primary assembly FASTA,TSS-proximal window: 2000 bp upstream + 500 bp downstream,TSS_Proximal_2kbUp_500bpDown_NuclearBalanced_v1,TGTGTGTGTGTGTGTGGGAAGGGGGGGGTGGTGTTCCAGGCGTGAGGATGCCCTGGGCACAGCCACTTGTCCCAGGAGCTGTCAGAATCTTAGACCCAGAGGAGCCCTGAGGTGTTCCCGTCCATTCCCTTGCCCCTTTCTAGGCCACCAGAGTAAGGCCTCGAGGGAGGGATGTCTCAGGCCCCATTCCTCTTGGGACAGCTGAGTGGTCTCTGAGGGTGGGAGCTGGTTTGAGGCTTCTTCCGCAGCTGGCTTGGGCTTCCCCATCTGGGAAATGGAGCAGGGGCAGGTGGGGAGCTGAGTCATTTCCCTCCTTGGTCACTCGGAGGGAGAAGAAGGAAGTTTCCTGAGAGCTTTTGGTCCCCTGGGAGGCTGTTTCTCCCAGGAGGAGGAGGAAACCAGGACACAGTGTGCCAGGCAGGGCAGGGTGGGGGCTGCAGACTTCTGCGATGCCCCTTCTTTCTCCACTGCAGCCCTAAGTTGAGGACACACCTGATTCTGCGTACTGGCTCCACCATCTGGTAGTTCTGTAATTAAGCAAGTGACCACCCCTCTGTGCCTCAGTTCCTTCATCTGTAAAATGGAGCCAATGAGCTTATCCACCACAGATGGCCGCAGTGGTAATGAAATAATTCTAGCTGGGTCCATAGCACAGAGCTCAGAACATATTGAGTGCTCCGCCTGGCTGTTTTACCAGCCAAGTCAAGTGCTAAGCACTTTAGGTAGACTCATCTCATTTAATCCTTGCTACAGCCCCATGAGTGTAGTGATTTCTACTGACAACAGGGAAACAGAGGCACTGAGTGGTGAAGTGACCTGTCCCACAGCTAGTCAGTTGAGGTGGGATTCAAACCCAGGGCAGACTGATGTCGGTGAGTGCTGGGCTGGATTTCACCCACCAGCTGCCTGGGGCCAGGATCCTAGGGCTGGTGGGGCCTGCAGATCACTCTGCTCTGAGCCGCCAGCAATCTGGGTGCGGGCCAGAGAGCCGTCCTCCTCGGTTAGAATCCTGCAGCCAGTCTCCCTGCTGTGCAGACACATAATTATATTTCACATTAAAGGGGAAGCTGGAGGCCAAGGGGGCCAAGGAGCCCTTTGAGGCTCATGCTCTGGGCACAGACTGGCCTCCTCGGCCCAATTCTGAGGCCCTAGGGCCGAGCTGGGGGTCAGACTGGTGACAAAATGGAGTTCCCCTGGGTCAGTGTCCAGGCGAGCAGGTCTGTCTGCCAGGATGAAAGACTTGGCCCCTGCGGGAGGCTCAGAGATATGAGGCCCAGACAATAGGCCTCAGAAAGCTGGGAGGGCAGGGCATTTGGGGACAGGTTGGGAAGAAAGCCTGAGCCTCCAGAGACAGGGGCTCGAAAGAGAAGGGGGTCACATGGGGATCCGGTCGGCAGAGAGAGGTCCAGGGAGGAGCACAGAGAAGGCAGGAGATGGGAGAAGCCAAGCAGCTCAAGATGGAGAGGAGAAAAATGCTATTAGGGTGGGATGGTGTGTGTAGAGGGTGCGTGCCTGGTGTGCAGGGGAAAAGGGCTCTGTGGGAATGCACAAGCTTAGACCTGTGTGTGCGTATGCACACGTGCAGATGCCATCCTGCATGTGCACATATGAGCGAGTGTGCACATGTGCCCCTGCGAACATCATGCATGTGGGGGCATGTATCCTGCATGTTTATGCCTGTGTGTGTGCTCGCCATGCACCTGTGCGTGCGCGCGTGTCCCCGGCGGACGTGCCTGCATGTGTGTGTATGTGTGTGTGCGCGCATGTCCCCGGGAAGTCGTGCCTGTGTGTGTGTGTGTGTGTGTGTGTGTGTGTGTGTATATATATATGTGTGTGTGCGCGCGCGCGTCCCAGTGCGCAAGTGGCTGGCGGTGTGTGTGTAGGGGGCGGCCCGGGACTAGGAGGGGCTCGGGGCCAGGCCGGAGCCGTGGTAGGCTGGTGCAGCGGCTGCGCGGCGCGGCGCGGCGCGGGGCGGGCGTGCTCTCCGCGGAGAGTTAGAGGAGTTGCCGAGCTGAGCTCCGGTGGAGCGAGGCGCGGAGCTGGGTGCGCGCCGAGCCTCTGCCTCCCGCCGCCTCCTCGCCCTCCATTCCTCGCTCCCCGTCTTCTCCCGGCCACACCGCCACTGCTGCCGCCTCCCTGGGAACAGTAGCCGGGGGAGGGGGACTGGCGCGGTCAGAGCCTGCGAGGAGGTGCGGGGCGCCGGGGCGTAGGGGAGCGCGCCGGGCCCTGCCCGAGATCAGATAACAGCCGGCGGGGGAGGGGGTGGGCCGGCCGTGCTCACAGCCGGACCGAGGGACCGACGCCAGCCGCCCCGGCCCAAGCGAGCGCCCAGCGGCCGGGGGCGCCGTCCAGGCGCGCGCCCCCGACCCGTGGCTGGACCAGGGCGATCCGCTTTGCAGAGAAGACGCGCCCCTCGGCATGGAGCGCCCCCGGGAGCTGCCCTGAGGCGGTGGCGGCAGCGGCGGCGATGCAGCCAGCGCGGCAGCTGCCGGGGCCAGGA,2500,0,,1,0.4215455909925637,0,0.6000000000000005,Random Forest,K3 + K4 + Basic,FN
ENSG00000103111,MON1B,MON1 vesicular trafficking associated B,1,positive,ENSG00000103111,MON1B,protein_coding,16,77190835.0,77202398.0,1.0,forward_gene_orientation,Ensembl Homo sapiens GRCh38 primary assembly FASTA,TSS-proximal window: 2000 bp upstream + 500 bp downstream,TSS_Proximal_2kbUp_500bpDown_NuclearBalanced_v1,TAATTTGCCCTCTAGGGATTCCTTGTGGGCTGCAAGATCTTTACCCTAAAACGGTTCTGTTGAATTTTACCCTGACAACGTAAATTGATAGTTTATCTTCACAGGTGCGAGACAAAGGAGCGAACCCCAAGTCATCCCTCTGCTCACCTGAAACAAATGCATATCTGATTGCTTCCTCTGAGGTAAAAATGCAGATTGACAAAGCTAGATGAAGGCGTAACTATTCCTCTACTCCCCTGATAAGGTTTGGATCTATGTTCCCACCGAAATCTGATGTCGAATGGTAATCCCCATTATTGAAGGTGGGGTCTGGTGGGAGTTGATCGGATCTTGGGGGTGAATCCTTCATGAATGGTTTAGCATCATCCTCTTGGTGACAGTGACTGAGGGAGTTATTGCGAGATCTGGTTGTTTAAAGTGTGTAGCCCTGGGCTGGGCATGATGGCTCACTCCTGTAATCCCAGCAATTTGGGAAGCTGAGGCGGGTGAATCACCTGAGGTCGGGAGTTCAAGACCAGCCTGGCCAACATGGCGAAACCCCATGTCTACTAAAAATACAAAAATTAGCCGGACGTGGTGGCGGGCACCTGTAATCCCAGCTACTCCAGAGGCTGAGGCAGGAGAATTGCTTGAACCCGGGAGACGGAGGCTGCAATGAGTCAATAACATTTTGCCATTGCACTCCAGCCTGGGTAACACAGCGAGATTAATAAATAAGTTTGCTTATGAGATGTTATTTTATTGTACTTTTTTACATGTTTATTATATATTATATACTTCTAAATGTATTAGGTAAATATATTTTGTATGCACATAAATTTATCCATTGTTTCTGTTATATAAATTTAATATTTATTACTTATCGATTACCTATTGTATATAAAGCACATGATGCTACACTGGTATTTGGAATTCATTACCCTAACTATACTGTAATTAAAATAATTATCCTAACTAGTACCAAAGGCTTCCCCTTAGCAATCACTCGAAGTGTGCCAGCACCTCCACTCACTTCACGTCAAGCGATTCCCATCATTGTTTCACTGATGGAGAAACCAAGGCCCAGGGCACTTGGGGCAAGGCGTTCAGGGGGCTTTCGGTCCGGAAGCAGCGTCGGGGCGGGAATTCGAACCCTGGGTTCCCACACTGGCCCGTGGCAGGGCCCCCAAGCCTTTTCCCAAACTGATCACAGAAAGTGACGACCCGTTCGCCCGGCGGACCGGGGGCGTCGGGCAGGTCCTGGTCCAAGTGAGTGCCCGCCCCTGCCCTGGGCTGGCAGAGTTCTTCCCCCAGCTGCAGGTAGACGTGGGAACCCGGCAGGGTACGGAGCTGCTGGCGCGGCACGCTGATTAGAAGCGGCGACTGCCCGTCAAGCATTCGCGCCTCTCCCCTCCCTTGACTTTCTTGGCAGGGTTAAGGGATAAGAGAAAGTGGAGTTGCCTCAGTTCTGGGAGAGCCCGTTTGTGGGTCCGGCACAGGTATCCATCGGGACTGACGCTGCAAAAGTCCTCTTGTGAAACAAGGAATAGGCTCGAGTCTTCGATTGGGTCGAGGGAGACGTCAATCAATGGATGGGCGTGTGCAAACGCAACACAACGCACAGTATTGGTTAGGATTTGGCGGGGGGAGTAGACAGCGGGGAAATGAGGCGGCTCATCTCGATTGGCCCAGAAAGAAGACGGTCGCGCCCTATGTACTCCGGGATTGGCTAGAGCGAGCCGCGTCCCCCCTCACGCCAACCACTGGTAAGCGAAGTGGGCCTCGCTCTCCCGGGTTAGCAGCCGTAGCCAGATCCGTTGAAAGGAGTGCAGAGAGGTCTCATTGCGCTCCCGAACAGACCTGACGTAGATCCGAAGTGGCCCGCGCCATCTCAACTATGAGGGGACACCCGTAGGCGGCGGGAGAGGGACGCCGCGAGGAGCCAATAAAGCTCCGCAACCGGAAGTGTCTTCTGGGAGGGGTCGTACCCGGAAGTGTGGCACCTCCCGGGCCGCACCCGGAAGTGTGATGCCACCGCCGCTACGGGGAAGTAATGGTATCCGGCCAATTGAGATTCGGAGTTAAAACAGGTGTTTGTATATCTCTATTTCCTGAGGCCCAGTAGAGTCTCCTCTTTTCGGAAAGTGTTGGAGGGGGGACGTATTTGGGCATGATTTTGGATGTCTCGTCCTATTGAAATCCGTGGGGAAATGAGCAGTAGGAGTGTGTCCAAGGGGGCCTGACTCTATAAAGGCTTTTCAGAAGTTTCTTTCACCGCCCGTCACCCTCGATTCCCCTCCCACTCAGGGATGTGCAGATGGAGGTCGGAGGAGACACTGCTGCCCCGGCCCCCGGGGGCGCGGAGGACTTGGAGGACACGCAGTTCCCCAGTGAGGAAGCTAGAGAAGGTGGAGGGGTTCACGCGGTCCCGCCGGATCCCGAAGACGAGGGCCTGGAGGAAACAGGTATGACTCCACTTAGTGGGGTCTTAAAAGGAATCCTTAGGGGTTGTCATTGTTGG,2500,0,,1,0.42246017087908794,0,0.6000000000000005,Random Forest,K3 + K4 + Basic,FN
ENSG00000159199,ATP5MC1,ATP synthase membrane subunit c locus 1,1,positive,ENSG00000159199,ATP5MC1,protein_coding,17,48892765.0,48895875.0,1.0,forward_gene_orientation,Ensembl Homo sapiens GRCh38 primary assembly FASTA,TSS-proximal window: 2000 bp upstream + 500 bp downstream,TSS_Proximal_2kbUp_500bpDown_NuclearBalanced_v1,ATGGTGAAACCCCTTCTCTACTAAAAATACAAAAATTAGCCGGGCATGGTGGTGCGCGCCTGTAATCCCAGCTACTTGGGAGGCTGAGGCAGGAGAATTGCTTGAACCGGGGAGGCAAAGGTTGCAGTGAGCAGAGACCGCACCACCGCACTACAGTGTGTGAAACAGAGTGAGACTCCGTCTCAAAAAATAATAATAATAAAAATAAAATATTCTTCAAAAACATGGCCGGGCGCGCTGGCTCACGCCTGTAATCCCAACACTTTGGGAGGCTGAGGCGGGCGGATCACGAGGTCAGGAGATCGAGACCATCCCGGCTAACACGGTGAAACCCCGTCTCTACTAAAAATACAAAAAATTAGCCGGGCGTGGTGGCGGGCGCCTATAGTCCCAGCTACTCCGGAGGCTGAGGCAGGAGAATGGCGTGAACCCGGGAGGCGGAGCTTGCAGTGAGCCGAGATAGCGCCGCTGCACTCCAGCTTGGCAACAGAGCGAGACTCCGTCTCAAAAAAAACACATGATTTTATTTCCTGTTTTATTTCTGCTTATTTCATCAAGTGAAAATATCATAACTTATTTCACCTTTTACTGTCAGTGGAACATTTACTTGTTTCCAATTTCGACAAACTCTGCAAATGCACATCTTTTTAAAAGAATCTGCATTTCTGATTCTTCAAAATAAATTCCTAGAAGTGATATTACTGGATGAAAAGTGGATGGAGAGCTTAAAGGCTCTTAGTTACTCAAGAATTACTGGGTCAAAGAGGATGGCCCATTCACAGCCTTTGAATAAAAATAAATATTGCCAAACTGCTTTCAAGGAAGGTTTTCTAATTCATCCTCTCACCAGCAATATAGGAGAGCGTGTGGCTCACATTAATAAAAAGAACTCTGCTGTTTTGAGCAGTACTAAGCGGAGCGTTTAAACTTATATTTCTTTGATTAGGAAGGCTGACATTCGTTCCTGCAATTCATATTTCTTCCTTACTGAATTGCCTGTTCCTATCCTTTGCTCGTTTTTCTATAGGGATATTATTTCATTCTTTCAGTGTTGTTTTTACAAAATAAACAATTTTTTTGTTTGTTTTTTCCCCCGAGACGGAATCCTGCTCAGTTGCCCAGGCTGGAGTGCAGTGGCGCGATCTCGGCTCCCTGCAACCTCGGCCTCCCGGGTTCAAGCGATTCTCCTGCCTCAGCCTCCCAAGTAGCTGGGATTACAGGCACGCGCCACCACCATGCCCGGCTAATTTTTGTATTCTTAGTAGAGACGGGGTTTCACCATGCTGGTCAGGCTGATCTCGAACTCCTGACCTCAGGTGATCCGCCCGCCTCGGCCTCCCAAAGTGCTGGGATTACAGGCGTGAGCCACTGCACCCGGCCCAACAAATGTTTTAGAAAGCCATCTGGATGATAGTCCATGACTGCTGAACACCGGCTGAGGTCCACAAAACTGCGCTCACCGCTTGGGGACTTTCCAGCCGGCCTTTACTCTCCATGGAAAGCGGTCTTTCCACAAACCTCCACGGTGGGAATTACTGCAAAGGCATCGGCTCTCCCGGCCTAGAATATCTCGCGGGATCTCAGCTGTCCTTGGGCCCCCCCCCTCAGCGCAACTACCAATCCCAACATGCAACGCGCCCCGTGGCCCAAGCGCCCGAATGAAGGCTCGGGGCCAAAGTCATGTGTCTGACTGCGTCACACGTCCCGTCATCTCTCCCACGCCTTTTTCTTCAGCGTACACCTTGGTCGCCATCTTGTGCGCGAGGTTATGGAACCTCTGAGTCCCGCCAACTCTATGGTCGAGCGTTTCAGGGATCGGCCAATCGTAATCCAGATCTCGTAGGAAAGCCCCGCCTCTATCCGCATGGAGGCGGGAATTGCCACGAAGCTCCTGTGGAGGGAGAGGAAGCAGCTGCGGAAAGCCAATAAGAGTGGGGAATCGATGACGTCAACCAATGGGGACGCGGGGATATTACGGCCAATGAGAATGGAGAAGGTCCAGGACACGTGGGTGGGGGAAGCTGAGCGCTGAGACCAAGGGCTAAAGCTGGGAGGTGAGTCTGTCACCTTGAGCCGGGCGAGCGCTGTGGGCCAAGCAGGGGTTGCAGGGTAGTAGGAGTGCAGGTGACTTGGGGCCGGGAGCCAGCAATAGGCAGGGTTGTGGGCTGGGCAGTGTGGAGGGGTATTTCCCCCCAGTGCTGGGAGAGGCTATGGCAATCTAGATATGGCCTTATCAATGAATGTTAATTACCAACGGTAATGAACGATTGACTGCCTCGGCTGGGGCGGGTCGGGGACTGCTGTGTAAGATGGGCAGGATCCTGCGCGACACCTGCCCAGTATCCGCCTCCAGTCTTCCCGAGAGACCATTCCCTTTCGCAACATTTCCTTCCTGGGGCTTGGGCACATTTCCTTGACTTCCGATCTCCATGACTTTGCTTTGAAGACCCACTGCTCTGTCCCTCTGACCTCTAATGCCCTCCTCAGCTGGGGCACGGTG,2500,0,,1,0.42285413499118824,0,0.6000000000000005,Random Forest,K3 + K4 + Basic,FN
ENSG00000087299,L2HGDH,L-2-hydroxyglutarate dehydrogenase,1,positive,ENSG00000087299,L2HGDH,protein_coding,14,50237563.0,50312229.0,-1.0,reverse_complement_gene_orientation,Ensembl Homo sapiens GRCh38 primary assembly FASTA,TSS-proximal window: 2000 bp upstream + 500 bp downstream,TSS_Proximal_2kbUp_500bpDown_NuclearBalanced_v1,CAGCACAGGAAGGACCTGCCTCCATAATTCAATCACCTCCCACCTGGTTCCTCCCACAACACATGGGAATGGTGAGTTACAATTCAAGATGAGATTTGGGTGGGGACACAGCCAAACCATATCAATACTGTAGTACATCTACATTATGGAATACCACTCAGTAATAAAAAGGAAGGAACTACTGATACATGTAACAGTTTGGATATATCTCAAGGGATTATGCTGAATGAAAAAGAGTCAATAAAAGTTACATACTGTATAATTACAATAATTACATTTATGTAACATTCTTGATATAACAAAATTTTAGAAACAGAGAATAGATTGGGTGGGGCTGCAAAGGTAAGTTGTGGTTATAAAAGGGCAACTGGAGGGACCCTTGTGGTGATGGACCTGGGCTGTACCTTGACTGTGGTGGTGGATACAAGAATCTACACACCTGATAACCATATAGAACTAAATATACACAGAGAACACTAATACAAAATGAGGAATCTGAATGAGATCAATGGATTGTGTGAATGTCAATTACCTGGTTGTGATATGGTACTAGTTTTGCAAGATGCTACCACTGGGAAGACTGGGTAAAGGGTACACAGAATCTCTATTCTTACAATTGCATGGAAATCCACAATTACCTCACAAAGTTGAATAACCATCTCTTTTTTTCATCTGTGATGGAACAAGCAGGCAATATTCTACATTGTTTTAACAAATAAAGCAAACTATGTACCACTGTTCTGGTGGTAAAACCCTTTAACCATAATAAATGTCATCACGTAGCAAATGCTTCACTGTGCTAAACACCTGCTGACCTTATCTCGTGTAATCCGCTCAACGGCCCTAAGACTAGGGAGACACTGCTATCATTCCTAGTTCACTGAGGAGGGTCTGAGGCAAAGAGGTGAAGTGATTTCCTGGAGCTACCTGACCAAAGACTGGAACCAAGATTCTTAGAGGCACACGAAGTCCTTCTGGTAATAAATCTGTATAATTCTATTTGTTATGTTCAGCTGTCCTAACCCTAAAAATTAAAAACTGCCATCAAGCATACAGAATGAGTGTTAGCAACACCGGCACAGTGACAATTTTAAAGAGTTAGAAGGTCCTTTAGAGATTACACAGCCCATCGCCCTCATTTTTACATAAAGGGAATCAGGTGAAGTGACCTGCACAGGTGAGTCGCTGCTCAGAGACCGCACAGCACATTTAAAACTGTATCTCGGTTCAGTACTCAAGAAAAGGACACAGACTTATAAATGGTGGCAAAAACCGAGCTGTCTGGTTCTTCCGGTACCCAGTGCCGGGTCGAGTACAGAGCAGGCGCTCCATATTTACAAGACGAATCAATGACTGAATGAATAGCACCGCCAGGAGCCCCATAAAAGAAGTCCAGAAGACTGCGGGCTGTCAGTCTTCGCTGTGACAAAGAGCCTCCGTGAGGAGCGAGGATTAGGGCCGGACAGGGAGCGCCCTTCTAGTGGACGCTCGACTGGGCTGGGGCCGGGATGGAGACGGTGGGTGCCCAGGCCCTCCGTCTACCGCGGGCCGCGTGCGGGGCCGAGCGAGGACCCGGCTGGAGCTGGAGCGGGGGCGGGGCGGGGGCGGGGCCGAGGGCGAGCCGGAAGAAAGAAGCCGCAGGGCCCGCCCAAACAAGAATTTTCACCGTAATCCCGCCCAGAGTTTCTCCCACGGCCCCATGTCCGCATGGCGGTGAAGGTCGAAGACGCGCGACCCAAAGGGCCAGGTTTTCAGTCAGCCCAGCGTTGGCGACGGGCGAGGGCAGAACACAACCACCACCCTAGTCCCGCCCGGCTCGGGGCCTAGCTTCTCTACTCACAGCGTCGGAGGGAGGGAGGGAGGGAGCGAGCCAGCGTCCCCGCGTCTGCGGCACCCTGGCCGGCCCTTCGCCCTCCGACGCGCGCGCCTATTGGCCACCGCAGCCTCTCCCACATGGGGCGAAGGCGCGCCACTTCATTGGCCCCCGCGTGAGGGGCGGGGCTAAAGAGCGCGGGTCCTCGGCCGTGGAGGGTCAAGTGGCTTCTTCTGAGCGCTGAGGGAGGGGAGCGTGCGTAGGGGATGGTGCCAGCGCTGCGTTATTTGGTTGGTGCCTGCGGACGGGCCCGCGGGCTTTTCGCCGGTGGCTCCCCTGGGGCGTGCGGGTTCGCGTCTGGGAGGCCAAGACCGCTGTGTGGAGGTAGCCGCAGCGCCAGCACCAGGTGAGTGGCCGCTGGTCCTCCCCGCCGCCTGCGCTGCTGCCCCTCGCGGAGGCACCTGGTGGTGGACCTGTGCCCCTGTTCGTATTTCCCTGTCCCGGGGTGAGAGCAGGTTGGGGTCCTGTGGCACTCCAACCTCGGATCCCAGGAGCTACCAACCTGCAGGTTCATTCGTTGTATTTACGGGCCGGAGGAAAGGCAGTGTATAGAGTAGAGGTCGGGAGTAGCTCTGGCTTTGAACAACCCGTCCACTTTCTGTTGAACTCTGGGCTAGTTACTTAACC,2500,0,,1,0.42641041701911997,0,0.6000000000000005,Random Forest,K3 + K4 + Basic,FN
ENSG00000213390,ARHGAP19,Rho GTPase activating protein 19,1,positive,ENSG00000213390,ARHGAP19,protein_coding,10,97222173.0,97292673.0,-1.0,reverse_complement_gene_orientation,Ensembl Homo sapiens GRCh38 primary assembly FASTA,TSS-proximal window: 2000 bp upstream + 500 bp downstream,TSS_Proximal_2kbUp_500bpDown_NuclearBalanced_v1,ATCAAACTAAATGCAATTTTATTTGGACACATTTATCAAACTTTTATTTTCTTTTTTAGAGAAAGGGTCTCATTCTGTCGCACAGCCTGGAGTTCAGTGGCACAATCATAGCTCACTTTAACCTTGAACTCCTGGGCCCAGGTGATCCTCCTGCCTCAGCCTCCAAAAGTGATGGGATTATGGGTGTAGGCCACTGTGCCTAGCCCTTATCAAACTTTTAGTATTAATTCATCAATTGAAAAAAATCTATTAGAGTATATGATTTGATTTTTTATTTGGATATAATAGTTTGAGGACTTGCTTATATTTTTCAAAAATATTTATTGGACAGCCATTATGTGCCAGAAACTGTGGGGAGCAAAATAAATATAGTCTCTGCCCACTTGTGGCAGGAAGCCTAGCTGGGAACCCTCACATGAAATAAATAGTCACACAAATGACTATGTAATTGTGAGTTGTGATATGAACTGTGAAAGAATAGTACAGAGTTCTTTGTGAAAGTTTACTGAGGGAATTGATTTATACAATGGGGGTCATGGAAGATCTTTGAGCCAGTGACATTTAAGCTTCGACCTGAAAGCCAAAAAAGTGGAAAAATGGACGAGCCAGAAAAAGCAACATGTGCAAAAGCCCTAAGACAGTTCAGAAAGTGAAGCATGTGCAGTACAGTTTAGTAAAAAGGAGGCAGAGTGCAGGGAGAGCCCCAGGTGGCAGGATATCAGAAGGATCAATACAGAAATTCCCGAGAAAAGTCCAGCATAGGAAAACAATATGGAAAAACAAAAAACAACAATGCTCAAAATTTACAATGTTCTCACATATGTTGCCTCAGTTAATCCCTAGGAGAAGTGTGTGCCGCAGGGAGGACAAGGATAATTATGGTTATTCCTACCATTGAGGATTAAAGTTTAGTTTGGGACAAAGTCATGCAGCTTTTGGTTCCATGGTTCATATCACAAGGCAAACTCTGTGGGTTCTCTGGGAAGTTGGAAGGGAGTGAATGTATTGAAGCAGAAATGACCGACTCCAGCCTGGCCAACAGGGTGAAACCCCATCTCTACAAAAAGTACAAAAATTTGCCCTGTGTGTTGGTATGCTGCAATATTGTACTGTGCTCCAGCATGGGAGACAGAGGGAGACCTTATCTCAAAAAAAAAAAAAAAAGAAAGAAATAAAGGAAGAAAGAAATGACCTATGGCTAGGGCTATGCTGAGTATCTGAAGAAAGAAGGCTTTGAACTATACGTTTAAAAGCAAGTACTTCTAGGTTGCCACTCCCTGCCTGCACTTGAGGGATTTATCTCTGGGTCAAGACAGAGAACGAGTCTTGCATTAAATTACATTAAATTAAATGAATTAATTTATGGCTGGGTGCAGTGCCTCATGCCTGTAATCCCAGCACTTTGGGAGGCTGACATAGGAGGATTGCTTGAGCTCAGGGGTTCGAGACCAGCCTGGGCAACATGGTGAAACCCTGTCTCAACAGAAAAAAAAAATTAAAAAAATTGTAAAAAAAAATTATTTATTTTCAACTTTTATTTTAAATTTAGGGGGTACATGAGTTGGTTTGTTATCTGGGTATATTGTGTGATGCTGAGATATAGGGTACGGAGTCTTGCATTTTAGAAAGTGATGAGTCACTTTCAAAGTTGACAGTTCTATAATTCCCTGATTTACATATCAGGACAAAATTTGAGCATAGGCTGGTGATTTCTGACTTGAACCTAAAGGTCTGTGGAATCGGAAGGGTTCATCAAAATGAGAAACTACAACTCCCGGCAGGCCTCGGGGCTGGGTCTTCTTCCCCGCCCCTCCCTCTTTTTCCGCCAGGGCTGGGAACGACCAATGACGGTTAGTCATTTGAATAGACCAATAATATATTAAACGGTTCAGGTTGAGGAGGGGCGGTCGAGTCATCCAATCGCACGGAAGAGGTGAAAACATATTAGCCAATCCAAATATGTGGGGGCGGGACGTAAGGTGGGGCGGTGAAAGAAGTTTGCTGACGAAGATGGCGACTGAGGCACAGAGTGAAGGGGAGGTGCCAGCCCGCGAATCCGGCCGGAGGTGAGCTGAGTTTGGTCCAGTTTCCTGGGAAACGCGGCCTTGGGCTGGTAGTCCTGCCGCCTTTGCCTTGGGTCACGGAGGCGCACGGTTCGGGCTTTGTTTCTTTCTCCCACGGCGTTTCTCATCGTCGCGCCTGCGGGGGCTGAGGCGCGGGGGTCGGGCCTGGGCGCTGGACTCCAGCCAAACCCCCCGCTCGGTCCTGCCGGTGCCCGAGGGGGCTCCTCCCGCTGCGCTGGCTGCAGACGTCCAGCTGGGGGTGGCAGCGCTGATCGCTTTGGCGCCGAGACACCTCTTGATGGCGAGGAAACGGAAGTCCAGGGCTGGTTAGCGAATTCCTCACTGTTGCACACAGCGCTTCACATCTTCTCCGAGGCACTTTGTGCGTTCAGGTCCGAGCAAGGATTTGAGTGTCAATTAGAAACAGTGTTGAGTCC,2500,0,,1,0.42938634395430036,0,0.6000000000000005,Random Forest,K3 + K4 + Basic,FN
ENSG00000133195,SLC39A11,solute carrier family 39 member 11,1,positive,ENSG00000133195,SLC39A11,protein_coding,17,72645947.0,73092712.0,-1.0,reverse_complement_gene_orientation,Ensembl Homo sapiens GRCh38 primary assembly FASTA,TSS-proximal window: 2000 bp upstream + 500 bp downstream,TSS_Proximal_2kbUp_500bpDown_NuclearBalanced_v1,AACTTTTTGTAGCGACGAGATCTTGCTTTTTTGCCCAGGCCGGTCTCAAACTCTTGGGCTCAAACAATCTGCCCACCTTGTCCTCCCAAAGTGCTGGGATTACAGGTGTGAACCACCATGCCCAGCCTAAGAATGGTTAATTCATGGCCAATTTTGTTTAATCTCTACTCCATCCACTTTTCTCTTCCATCATATTTTGAAGTGAGTCTAAGATATTGTGTCATTTTATGGCTATTGCAGCGTGCAGGAAGAGGTATGACATTTTGGAAGATGAGTTGATGGGCCGTGCCACATGGGTATTGTGTCTCTGTGTGCCTGTACATACTCTCTTATGTGGAATTGCAATGGCTGATTTGACTCTTCCAAGTTGGGGGTCTTTTAAGGGCAAAGACCACCCTCCAGTGGCCAGGCTGTCTTCTCCTCCCCATGGAGTGCTTGGTATATGGTGCGACCGTCAGTGTGAACAACCTAGTTCCACTGGAAGAAAGAGGCCTGTTATTGGACCCTTTGGGCTATGGCCATCGAGACCACGGGTAGCTTTTCTGCTCAGGTCACGCTCTGATATGTTGTCAAATAAAACACAGGACACTCAGCTGGGTTTCAGTTTCAGATCAACAACAAATATGCCTGTAACATAAGTATGTCCCACACATTGCCCGGGGCATATTTATAGTAATAAATGACGTTATTTTTCTGAAATTCAAATTTAATCAGGCTTTTTTTTTTTTTTTTGAGATGGAGTTTTGCTCTGTTGCCCAGGCTGGAGTGCAGTGGCGTGATCTTGGCTCACTGCAAGCTCGGCCTCTCGGGTTCACGCCATTCTCCTGCCTCAGACTCCCGAGTAGCTGGGACTACAGGCGCCTGCCACCACGCCCAGCTAATTTTTTGTATTTTTAGTAGAGACGGGGTTTCACCGTATTAGCCAGGATGGTCTCGATCTCCAGACGTTGTGATCTGCCCGCCTCGGCCTCCCAAAGTGCTGGGATTATAGGCGTGAGCCACAGCGCCCAGCCCAGGCATCTTGTTTCTATCTATTTATTTATTTTGTTTTGTTTTTGGCTAAATCTAGTCAATCCTATCCTCTGGTCTTTTCACAGAAATCCTGCAGATCAAAGCCTTTGACCTAGGGCAGTGCTTTTCAAAGGGTGGTCCCAGGACAGCAGCATCAGCAACTCCTAGCTCAAAACAAGATCTCAGGCCAGGCGCGGTGGCTCATGCCTATAATCCAGCACTTTGGGAGGCCCACACGAGTGGATCATTTGAGGTCAGGGGTTCGAGGCCAGCCTGGGCAACGTGGTGAAACCCCGTCCCTACTAAAAAAAAAAAAAAAAAAAAAAAAAAACAAAAATTAGCGGGGCTTGGCAGCATGCACCTGTGATCCCAGCTACTCGGGAGGCTGAAGCAGGAGAATCGCTTGAACATAGGAGGCAGAGGCTGCAATCACCCGAGATTGGGCCACGGCACTCCAGCCTGGGCGAAAGAGCGAGACTCCATCTCAAAAAAACAAAAGCAAAAACAAAAAAATCCCAAAATGTCAGCCCCACCCAGAATGACGGAACCAGAGCCTCTGGGGGTGCTGGCATTTTGTGTTTGACCCCCTCCAGTGATTCTTTTGAGGGTCATTGACTGGAGAATGATGCCGATGCCATCACATTACCCGCCCCCAGCCTCTCCCGCAACACACACACAGCACATCCTGCTCTGCTGCGCACCCAGTGGCATGGACCTGGCTGCCAAAGGTGTAGAAGCATAAGTAACATCAGGGGTGTTACAAAGGGCTCTTTCCTTGGGTGTTTGTAGCTTCCCTTAGGGCTGCAGTCACTCGCAGACTGCTGGGCTCTTGGCCTCAGGGCTCTGTTCTGCCCGCCCAGATCTGTTCCTGAGCCTGCAGACGGCTGTGAACCAGAGAATCTATTCTTCAGGCGGGAGTTGCCAGTTGCGGCCAAGGGGGCGGGGCCCGGAGGCGGGAGGGCCACGTGTGCGGGAGGGAAGCAGGAAGTGACTGCGGGAGTGGAGCCGGCGAGAGAGTGGCAGCGGGGGCTGATGGAAGTGCAGTGGGGGCTGGAGAGGGCACCCTAGTGAGTTGGCTTTTCTCTCCTTCGGTGCCTTTGGTTGGGCTCGAGGCCCGGGGTCGGAGGCCATCAGGACAAGAGTGTGGGACTTGGAAGGGCAGCCACCTGGAGCTTGGAAGGGGGTACGCCTGGAGAGAGGAGGGGTTTGGAGGAGAAATTGGAGGCTTTGGCAGGTGTCGGGGCGGGGTGGGAGGGTGAGGGGCGGTGGGAAGGAAGTCCCCGGACCCCGGCTATGTCCCTCTCCAGGGTGATCTGGAAGGCAATGACATGCCTTCCTTTTACAGTCCTAACCCAAATCCTCTTCGTTCGTCCCTTCCTAGGCGGTGTGTGGGGGTACCCGGGATTCCTGGGAGCAGAGGCAGCTACAAATCCAGCTGCTCCCAGGCCCCTCCCACTTGCTCTGGCTGTTAGCTGGACCTCTGGAACTT,2500,0,,1,0.4302522491724191,0,0.6000000000000005,Random Forest,K3 + K4 + Basic,FN
ENSG00000143409,MINDY1,MINDY lysine 48 deubiquitinase 1,1,positive,ENSG00000143409,MINDY1,protein_coding,1,150995125.0,151008376.0,-1.0,reverse_complement_gene_orientation,Ensembl Homo sapiens GRCh38 primary assembly FASTA,TSS-proximal window: 2000 bp upstream + 500 bp downstream,TSS_Proximal_2kbUp_500bpDown_NuclearBalanced_v1,CAAAGGCGGGGAGCCAAAAACCGGGAGACTGAACAAGCAGCATTCTCACGCTCCTAAACTGGCTTCTCGCTCCTCGCTCCTCATGCCCCAAAACTGATCAGGCCCCAACCCCCCTCCCCACAACTCAGTGTTCCCTCCACACGGACCGTCGAGGCTCCCCCAGATCCCACGTCTTCGTCCTTCCTGGACCCCGTGCTCCATTCCTTACAGTCACAGACAGGGATTCGTTACCTGCAGAGCAGCTCGACAACCCTGCAGGTAGTCCTCCATGATGAAGCCCAAAGTACGCCGTCGCCCCTGGTCGAGTAGAGGTGCCCCTGGTCGAGGAGAGGTTTCCCCGACGAATGCAGCCCGCCCGGGACTCAGGGACTAGAGGCCAGAGTCAGGAGGCGGGACTCGAACCCGCCACACGGCGAATCGGCCTCCGACCCCGGGAGGAACTGCGTAAGCGGGCGCTCCGGAGTCCGGCGTCGCCCCGCCCCCAGCGGCGGAGGCGGGGCTCTACGCCCAGAGGCTCCTGGGACGTCTTTCCGGCGAGGCCAAGGGGGCGTGGCGTGGGGCGACGTGGGAAACGTAGTCCCGCAACTCCGCAATGTCCCTAGCAACCGAGGGAAGGATTGTTTTCTGAGGGATCAGTCGTTCGGTAAACAAATGTGTATGTGTCACAGTAACCCATTATTGTGGCATCTGAACTTTCCCTCTCAGATCAGGCCAAGTATAACATCTTTACATATATCACACCGAGCATCTGGTGACATTTTAAATGACACTTGGCAAAACAGATCATCTTCTTTCTACAAATTCTGCCCTTTACCAAACTGACTCAGTCGCCACCAATTTTGTGGTTGTTCATGTTAGGAGAACATTAGAATAATCTTTGACCCCTCTTGTTAACACCTACAGTCTCCTGCCAACTCCTGCTGCTTCTCCCTTTGCAACTCTGTAGCCTGTTTTTTTCTACAGCCTCGGCAAATATCTTCTTCCTTTCTTGGACGGTTGTAACCTTGGCTTTTTGCTCTCTGCCACCCTAATTGTTCCAATTGCTCTTTCAGCCTTTAGAGTTGCTTGAAATTTCATCCTGTGGCGGCCCTGTACATAGAGTTTAGGGAACCCTTCAGAATGTGGAGTTAGGTTCCAACCTCCCTTAACTGCCACTTTCCAGCCGCAGAGTAGTGCAGGTACTGCAAATAAATGGACACTCATCATCAAAAATTCCCTCATTTATTTATCTATCCCTTTATTTCCTACCGTCAGCCTCACACCAGCTTTTCCTGCTTCCCCAGCTGTAAATCGAGAGGAGGTGACTGATGAGAGGCCTGCAGTGGAACCAAGATCCAGAGCACAGGCGTGTTGGATCTCCTGCCTGCTCTGCCAGTTCTTTTCTTCTTCTTCTTCTTTTTGAGACGGAGTCTTGCTCCGTCTTCAGGCTGGAGTGCAGTGGCAGGATCTTGGCTCACTGCAACCTCCACCTCCCGGGTTCAAGCGATTCTCCTGCCTCAGCCTCCCGAGTAGCTGGGACTACAGGCATGTGCCACCATGCCCTGCTAATTTTTGTATTTTTAGTAGAGATGGGGTTTCACTATGTTGGCCAGGTTGGTCTTGATCTCTTGACCTTGTGATCCGCCCGCCTTGGCTTCCCAAAGTGCTGGGATTACAGGCGTCAGCCATCGCGCCCAGAGCCTGGGGCTTCTACCACACCCTCTGCACTCTACCAGGTGCACAACCCAACCAGTTTCATTTCTAGACTTAAAAATGATACAGCAAGGACTTGGAAAGGAGCTCTCTGGAGGGCTCCAGAGGGAAAAGAGCTGGGTTTGTTTGTTTGTTTTTAACATTAATTGAGTAATACATGCAAATATCGTGCTCTTTGCTCCTGCTTCTGTGGATCCAGAGCAAAGGACTGCCATACCCAGAGAGAGAGCCCAGATCCAACAAGCTGCTTCTGTCCAGCCCTTCTCCTCCCTACTTAGCAAGGGCACTTGCTCTTCCCTATTCTCACCAGAGAGGCACAAGCGCTCCGTCCCTTCTAGAGGCAGGCAGAGGGAAGAGAAAGGGTCTGTTGTTTTTCTCTCCTGTTTCTCGCTCCCTCTCTGCTGATCACAAAGCTGCTGACCGGGTCAGAAAGTCCTGATGGAAATCCACCAGCGCTGGGCAGGCCCCTCCTCCTCCAGGGAGCTTGTCCTTGCCTAATTTTTCTTCGTCCTGATGAGAACAAAAAAGAGAGAGAGAAGAAAAGAAAAACCACAAACTTCCTTTGAAAACCAGCTTGTAGTCAGGGCCCGGAGCGCATGCCATAGACTCGGCGACTCAGGAATCCTGAAGACTCTCTGAGCGACCTGGAGCACCTTGGCTGTGTCCCTGCCTGCCTTCACCCTCCTCCAGTGCCCCCAGTACTGGGCGTGAGTCCGGAAGTGGCCACAACCCAGCCTGGACCGTCGCTTATAAAGCTGTGTAAACCTGTATAAGCTCAGGCGTTGACAGCTGGAAGGCAGCTGGCACT,2500,0,,1,0.4415112083815803,0,0.6000000000000005,Random Forest,K3 + K4 + Basic,FN
ENSG00000170967,DDI1,DDI proteasomal shuttling factor 1,1,positive,ENSG00000170967,DDI1,protein_coding,11,104036640.0,104039196.0,1.0,forward_gene_orientation,Ensembl Homo sapiens GRCh38 primary assembly FASTA,TSS-proximal window: 2000 bp upstream + 500 bp downstream,TSS_Proximal_2kbUp_500bpDown_NuclearBalanced_v1,AAACACTTTTTTTTTTTTTTTGAGATGGAGTCTCGCTCTGTCACCCAGGCTGGAGTGCACTGGCGCAATCTCGGCTTACTGCAAGCTCCACCTCCAAGGTTCATGCCATTCTCCTGCCTCAGCCTCCCGAGTAGCTGGGACTACAGGCGCCCACCACAACGCCTGGCTAATTTTTTGTATTTTTAGTAGAGACAGGGTTTCACCATGTTAGCCAGGATGGTCTCGATCTCCTGACCTCTTGATCCGCCCACCCTGGCCTCCCAAACTGCTGGGATTACAGGCATGAGCCACCGCGCCAGGCAGCAAAACACTTTATTAAACATAGAGAAAAATAACTGGCATGCAAGGATTTCTACCCAATCATCATTTGCCTTGAAGGACTTTTCACCATGACAGCCTTGTATGTGTGTGTGTGTAAGTGGGGGTGGGGGAGAGTAGGGAGAAGGTGGCTGTGCCCAAATGTCAGAGAGAGGCATATTGGCCTCTAGGGTGGCATCCTTAATGAATTTTCCTACAGAACTGATGTCAAATGGGTCACCTCAAAGGTTCATCTCACTCATTCATTCATTCCCCTTCAAGGCAATGGCCCATCTACCCTATATCCCATTTTAGAGACCCTCTGTGTTATCCACACATTCCACTTTTTTACACTCCCCACCTCCAAGGGGTATGCACACTCTGTCCATTTTACTCAAGAAACATGTTTATTCTCTACTGCTTTGGCTTTGGGCCTCCTGACTTTCCACACTCTAGCAACAGCTCCCTCTTTGAACCACTGGAAAAGCCTCCTGACTGGCCCTCCTGCCACATTATGTCCTCCATGTGTTGCAAGAAGCCTCTTCCTTAAGTCAATTTAAAAAAAAAAATCACAAACACCTGCTTCAAATCTTTTCCCTTTCCTTTCCTTCCTTACTTCTTTTTCTTTTTTTTTTTTTTTTTTTTTGGAGGAGGAATTCTTGCTAATTGATAATATTTAATATTTAAACTCCGTAGATTCACATATGACTTCATCAATTGGCTCAACTAATTTTTTTCCAGCTTCATATCCTGGTATTCAAAGTCATGTACAATTTTTTTATTGCACAAAATGTCTCATCTTTCTCTAGAAATAACAGCCCTTGCCATAAATTCCTGCTTTTGTAACATGAAACTGCTTTCCTTTGGAGTGAGACCACTTTGCACCTGGAAGATGCTCATCCTTCAACATCCAGCTTGTCTCCTCCTTAGGAAAATATCCTCTGTTCTGTTGGTGATACTAAAGGCAGTACCCTGAACATGTCTTTGTAAAAGATTTTGCCTTTAGTATTGTGATTACCCATTCACCTGTCTATCCCTTTCCAGAAATGTGAGCTCCTCAAGGGCAGGCTCCAAATCTGACTTTCCTACTATGCACATAGAATGGTACTTGCCATGTAAGAAACAAATCCTTACTGTTTGGGGAAAAAACAAAAGTACAAAGAATACAACTCTAAAATGAACAAAACAAATGATAATATGCTGTTTAGAAAGTGTTGAAAAACTAGGCATGGTGGCTCACACCTGTAATTCCAGCACTTTGGGAGGCCGAAGTGTGGGGGATTGCTTGAGCCCAGGAGTTGGAGGCCAGCCCGGACAACACAGTGAGACCCCAAATCTATTAAAAAAAAATACAACAATTAGCCGGGCATGGTAGACTGTGCCTGTAGTTCCAGCTTTTCAGGAGGCTGAGAGAGGAGGACTGCTTGAGCCTACGAGGTCGAGGCTACAGTGAGCTGTGATTATGCCACTGTACTCCAGCCTGGGTGACAGGATAAGATCCTGTCTCAAAAAAAAATGTGTTGAAATCATTTCTTTCATATCATGTGTTAAATAGGCTTTGAAGGGCTGGCCTTGAAACCTGACAGCTTTGAGCCATCGTGTATCCATGGGAGTAGGCATTCTAGGTTCCAAACAGCACACTTAGAAATGGACTTTGGAACACAACGTGCTACCTCAAGGCTCCACCTGGCCACACAGCAGGCACTGAGGCTGGGAGACAGCCCCCAGACAGATGAGTGTCCGCGCCTCTCTGAGAGGTGAATGAGCCCGGACGGTCCCTACCTACCAAGTCCTGAGGAGCAGCGGCACCAACGACGCAGGCCCGCCCCAGCCCGCCAGTGAGCCGCCCATGCCCTCTGCTAGCCCGGCCCGCCCGGGCCCCCGCCATGCTGATCACCGTGTACTGCGTGCGGAGGGACCTCTCCGAGGTCACCTTCTCTCTCCAGGTCAGCCCCGACTTTGAGCTCCGAAACTTCAAGGTCCTCTGCGAAGCGGAGTCCAGAGTCCCCGTCGAAGAGATCCAGATCATCCACATGGAGCGACTCCTCATCGAGGACCACTGTTCCCTGGGCTCCTACGGCCTCAAAGATGGCGATATCGTGGTTTTACTGCAGAAGGACAATGTGGGACCTCGGGCTCCAGGGCGTGCCCCGAACCAGCCTCGTGTAGACTTCAGTGGCATTGCGGTGCCTGGGACGTCCAG,2500,0,,1,0.441612618313067,0,0.6000000000000005,Random Forest,K3 + K4 + Basic,FN
ENSG00000212993,POU5F1B,POU class 5 homeobox 1B,1,positive,ENSG00000212993,POU5F1B,protein_coding,8,127322183.0,127420066.0,1.0,forward_gene_orientation,Ensembl Homo sapiens GRCh38 primary assembly FASTA,TSS-proximal window: 2000 bp upstream + 500 bp downstream,TSS_Proximal_2kbUp_500bpDown_NuclearBalanced_v1,CACACACACACACAACACCCGATATAATACAATATTTTCAAATGACACTAGAAATATTTTAGTCAGGTCTAAAGGAACAGAAGTTAATGATAAAATGATAAACAATAAATAATAGCTACTGTTTCATGAGAAAATTACACACATCTTACTTGACTTAAACCTCACAACAGAATTGAGCAGAAAGTTATTACCCTGAGAAAGGGGACTTAAGGTTGGCAGGATAACAAGTGGGAGAATCTAGAGGTAAAGTCATATCTATCTTATTGGAAACACTCAAGAACGTCAAATAAGCATGAGAATTTGAGCAAGACTGAAGGAGAACGTTTAAGTTCCCTTTCCAACTCATATCCCAATTCTGGAATCTAATTTCTGTAACAAGTAACTATATTCCTTACTACAGAAGTAAAGATGGCCCCATGGAGAAACTGGCAGCATGGCATGATGGAAATGGAATAGAATCAGGAATTGTTTTGTACCTGTGTGTGTGTGACTTTGGTGTTCTGACTCAGACACATATTTGAGAGGTAGAGAGGGGAGAAGAGGGTTGCCACATTATGTAACAGAAAGGAGCCCACTGCTTAAACACTTACCTTGTGCCAGACATTGCACTAGGACTTTATTACCTGCAACCCATCCTGCAAAACTGTGAAGATTTGATATGATCATTCTCATTTTATGGTTGAGAAACAAGGGTTAAGGACATTAAAAATTTACTCAATGTTTAAACATTTGCCTGTCTTATTCTAAAGCCCCTTCTCTTTTCACAATCCCTTTAAGAAATGGACATCCAATATTTGAGTGGCAGAGGCAAAAACATGGCCTACCAGAACCATTATGATAGCTTTACAATATGCCCACCAATTATTTGATAGTCCTCCTGCCAAATGGTGAAGGCTAATTACCCTCCTACAGAATGTGACTCACTTCTAATGAATAAAATATGGCACAAGTAAAAGTGTGCGATTTCAGAGACTAGGTCATAAAGAACGCAGTGGCTTCTTCCCTGCTCTCTCTTTCTTAGGTCATTCTCTCTGGGTGAATCCAGCTGACATGTTGTGAGGACACTCAAGCAGCTTTATGGAAAAGCCCACATGGTGAGCAACTGAGGCCTCCTACCAACAGCCAACAAGAAACCGGGGCCTTTGCCAACAGCCAAGTAAGTGAGACATTTTGGAAAGTGGATCCTCCAGCCCCCGTTAGGCTCCCAGATGACAACATCCCCTGCTCTCATCTTGACCACAACCTCATGAAATACCCTTATCCAGGATACCCAGTTAAGCCACACCACAATTGCTATTTTACAAAACTGTGAGCTATGTGTTAGTTGTTTTTAAGCTATTAAGTTTTGAGGTGATCTATTACACAATGATAAACAACTAATACACCCATCCAGTGCTGAAGAAAGGGGTTGTCAGGAGGGTAGAATTTGCACTATTAAATCTTCATAGAGTGCTATTTCCCGTCACTACAGCACACTTGTCACCAACTATAAAGAATTAGGTCAGGGAATTTCTTTGGTTGCAGCCCATTTTGCCTTTGGTTGTTAATGGTAGAACCGTTTCCCCACAATCTGCAGGAAATAAGAATCAGAAAGAAGGACACACCATTCCATAGCACAGAACACAAGTAGATGGCTCCCATGAAGAATCTAGCATCATGGTATGGCAGAAGCAGAATGGACTCAGGAATCATGGTGCCTACACTGGAATTTCAGATCGGCCACTGACACAATGGACACATTATTCAACATTTCCAAATCTTGGCATTCTTATCCACAAAGTGAAGATAATAATTGTCAATTCACAGGTGATTATGATTTAAAGAGATTACTTTTGAAGAGTTCCTAACACATTCAGTCAACATTTAATGATGCTTCAGGCACTGTGTTCATTGCTAGTGAGCGTATGACACACACAGCCATACGGTCACAGAGCTTTCAATGAAAAGTAACATAATTGCTCATTTCACCAGGCCCCCGGCTTGGGGCGCCTTCCTTCCCCATGGCGGGACACCTGGCTTCGGATTTCGCCTTCTCGCCCCCTCCAGGCGGTGGGGGTGATGGGCCATGGGGGGCGGAGCCGGGCTGGGTTGATCCTCTGACCTGGCTAAGCTTCCAAGGCCCTCCTGGAGGGCCAGGAATCGGGCCGGGGGTTGGGCCAGGCTCTGAGGTGTGGGGGATTCCCCCTTGCCCCCCGCCGTATGAGTTATGTGGGGGGATGGCGTACTGTGGGCCTCAGGTTGGAGTGGGGCTAGTGCCCCAAGGCGGCTTGGAGACCTCTCAGCCTGAGAGCGAAGCAGGAGTCGGGGTGGAGAGCAACTCCAATGGGGCCTCCCCGGAACCCTGCACCGTCCCCCCTGGTGCCGTGAAGCTGGAGAAGGAGAAGCTAGAGCAAAACCCGGAGAAGTCCCAGGACATCAAAGCTCTGCAGAAAGAACTCGAGCAATTTGCCAAGCTCCTGAAGCAGAAGAGGATCACCCTGGGATATACACAGGCCGATGT,2500,0,,1,0.4450223782546314,0,0.6000000000000005,Random Forest,K3 + K4 + Basic,FN
ENSG00000197959,DNM3,dynamin 3,1,positive,ENSG00000197959,DNM3,protein_coding,1,171817887.0,172418466.0,1.0,forward_gene_orientation,Ensembl Homo sapiens GRCh38 primary assembly FASTA,TSS-proximal window: 2000 bp upstream + 500 bp downstream,TSS_Proximal_2kbUp_500bpDown_NuclearBalanced_v1,ACTGAGGACAGGATTACAGTTGGACATCAGACATGAACAAGATTGAGGATACAGGTACTATCCGGATCTTCCCTCTTCTTTCCCTGTGCTCCTCTCCTTGTGTCTTTTCACTTTTCTCTTTCTCTGAAGATGAGCACTTCCCTTCTACTGGTGAAATCTTACTAACCATAGTTGCCAATGTTATTCCTCACTTATAGTTCAGTCACTCAGACAAAGGCCAATCTCTCTCTCAATTGCATACTCCTGGGAAAAGGCTTTGATTGGTAAAGCTCAAGTCAGGTGCCCAATCTGGTGCACACAGCTATGGCCAGGGCTCAGTTTTTCTTCATGCCTTTCTATCTTCATGACTGCTCTGGCTACAACCATGCATTGGATGGAGTGTTTCTTAGAAAAGGTTTCCTGGGCAGACATTCTAATAGAGATCCACTTCAGTGGAGATGCATTCAGTTTTATTTGTCTTTTTCTGCTGCTTTAAAAAAAAGTTGAGATGTAATGTACAGTAAAATGCACATCACTTAAAAGTTTAGTTTGAGGAGTTTTGACAAATGTATGCCCACATCCCAGTCAAGACATGGGACATTTCCATCACTCCAGAAAGTTTCCTCATGCCTCCTACAGTCAATCTCCACTCCTCAAAGACAACCACAGTTCCGATTTCTATTACCATAGAATAGCTTTGCTGGTTGTAGAACTTCACATACATGAAATCAAACCAATATGGTCTTTGGCCTTTTTCATTCTACATAATGTATCTGAGATTGTTGCTATATCAAAAGTCTTTTTTGTGGCAGAGATTATTTCACTATATATATATACCACGTTTGTTTATTCATTCACCTGTTGATAGACATTTGGGTTGTTTTCAGGTTTTTTGACATTATGAACATTTTAATATGTCTTTTTAGAGTTAGAAGGAACTGTACATTAAATGCTGAGATTACAAAAGATGACTTCAGTTTTGAATAAATTGAGTCTGTAGTACTTGTAGGACACTCAGGTAGTATTCTGGGCTCCTCTTGGAGTACAGTCTAAGTTGCAGAAGAGAGACAGGGTCTAGCAATGTAAATTTCTGTAGTCGCCAGCCTTGATTCAGAGTTAAAGCTATGGGAAAGTCCTCAGGCAGAGGACAAACATTAGACAAGAAAATGCCCATATATGAAACCCTGCGAAGCATCAGTATTTGAGGAGCAGACTAAAAAGGAACCGTCTGTGGAGGCTAAGAGAAGCATGGCCATTTATCTTTGTGTCCCGATCATCAGGCACAGGACCCCACACACAGTCACTTCTCAATGTGCTAAATTTCACAGAATGCGTCCAGGGTACCTGGTTCTGGATAGATCCGGTAGAAGGAGATAGACCGGGAGGGCAAATGGCATGAGGAGTCTCACAGGCCAGAGTGATTAAAGGGGTGTATCGGGGCGGTAAACCCTACAGACTCTACCTGTGCTTATGCGGGGCTGGGGAGGACGAGTCATTACAGATGAAGAATTAAGTAAGGTCAGACCACTCAGGGCCTTAGATGGATGTCACATTGAAGAATTTAGACTCCAACAGGCCTGCCACCCTGGGAGGAGTCATCGCGGATTCTGGAGAAGGGCGTGACAGAGGAGATTTCCTTTCGGGAAGTGTAGTCTGGCAGCGGTGCCCCGGTGGTGGCGGCGGCGGTGCTGCTGTTGCTGGTGATCGTGTGGTGGTGTTAGCGGCGATAGTGCTTTCCACTGGGCTTTGGCTTGGTAGCCGCTGAAAGAGAACAACGCTGCCGCTGCTGCTGATTTCATGCCATTTCCTGACCCGGCGCTGTAACTTGGCCTCTGAGCCTTGGCCACAGAACGCAGAGGCCGTGGCATCTGGCCGCAGCTGGGCTGCAGTGCGTGCGCGCCTGGCCTGGTGGTCCGATGGGAAGCCCGGGGCGGGGCAGCCGCGGGGCGGGGGCGGGGCGTCGCGGAGATAGGCCACGCCCCTGCCCGCCCGCGCAGGCGCGCTGCGGGTCGTTAGCTGTCAGAGCCAAGCGGCGGGCTGGCGGCGGGCTCCGACGTCTGCGCCAGGACCTGGCTGGCTGAGCCCGGCGCAGCAGCAGCAGCCAGGGCAGCGCGGCCCCTACTCCCTGTCAGGTCGTAGAGGCGAGCAGGGACCAGCTGGTCGCCGGCCCCTCGGGCAAGATGGGGAACCGGGAGATGGAGGAGCTGATCCCGCTGGTGAACCGTCTGCAGGACGCGTTTTCGGCGCTGGGACAGAGCTGCCTGCTGGAGCTGCCGCAGATCGCCGTGGTGGGCGGCCAGAGCGCCGGCAAGAGCTCGGTGCTCGAGAACTTCGTGGGCAGGTAAGCGCGCAGGGCGCGGAGTAAGGATGCGGCAGTGGGGCGACCCCGCTGCGGGCCGTTGGAACGTGGACGGGCAGCGGGAGCCAGAGGGTGGATGGACCAGGCGCTGCGGTGGAATGGGGGGCAGAGTGGAATGGGGGGCAGAGTGGCGGTGTCCGTGGGGCGGGCGGGGTCCTCCAG,2500,0,,1,0.44560274373701264,0,0.6000000000000005,Random Forest,K3 + K4 + Basic,FN
ENSG00000101049,SGK2,serum/glucocorticoid regulated kinase 2,1,positive,ENSG00000101049,SGK2,protein_coding,20,43558968.0,43588237.0,1.0,forward_gene_orientation,Ensembl Homo sapiens GRCh38 primary assembly FASTA,TSS-proximal window: 2000 bp upstream + 500 bp downstream,TSS_Proximal_2kbUp_500bpDown_NuclearBalanced_v1,AAATGGATGCAGTTATATAGATTAATACATATAGATTAAGATTAATATACATATAGATTAAGACATAGACAAAAATCTGGAAGGATTGTCACCCTTTTTTTTTTTTTTTTGAGATGGAGTCTTGCTCTGCTGCCCAGGCTGGAGTGCAGTGGCATGATCTTGGCTCACTGAAAGCTGCATCTCCCAGGTTCATGCCATTCTCCTGCCTCAGCCTCCCGAGTAGCTGGGACTACAGGCACTCGCCACCACGCCTGGCTAACTTTTTGTATTTTTAGTAGAGATGGGGTTTCACCATGTTAGCCAGGATGGTCTCGATCTCCTGACCTCGTGATCCACCCACCTCAGCCTCCCAAAGTGCTGGGATTACAGGCATTAGCCATGGCGCCCAGCCGGATTGTCACCCTTTAGTTAACAGCAGCTGCCTCTGGAAATGAGATTGAAGATGGGCTGGAGGGAAAGCTTTTACTTTTTATTTGACATTCTTCTGTAAGTTGGAATTATTTGATACACTTTATGCAACCAATACCAGTATGTGGCGTGTTTGGGGGTTTTTTAAGCAGCTCTGGAAGAGCAGAGGAGAGGGAGCTTGGTGGCACAGCAGCAGCAGCAGCAGGAGCTCTGGAAAGGGCAGGACCTTGTGCGCTGCCCTGATTTGCTCTGTGCACTTGGGCCAGCTACCTCCCCTATCTGGACCAGGGCCAGACACATGCTGCTATGTGTGTTGGTGGAGGTGGGGTGTGTGGCCATGCAGGGCTCCTCCGGAGCACAGCAGAGCAGCCGGTGTTTAAGGCACCAGAATTACCAGAAAGTTGTTGACATTTTAATGGAAAGGCAATGGAGGAAGCAGTGTGAAAGTCAGCCTGCTCAGGAGGGGTCACTGGGCAGAGCTTTCCTTACCTGTCCAGGGGTCCAGGCCCTGCCTGTGCCCTGAGTTAGAACCCAGGGCCGGCCAGGCGCGGTGGCTCACGCCTGTAATCCCAGCACTTTGGGAGGCCGAGGCGGGCAGATCACAAGGTCAGGAGATCGATACCGTCCTGGCTAATGCAGTGAAACCCCATCTCTACTAAAAATACAAAAATTAGCTGGGCGTGGTGGTGGGCGCCTGTAGTCCCAGCTACTCGGGAGGTTGAGGCCGGAGAATGGCGTGAACCTGGGAGGCGGAGCTTGCAGTGAGCTGAGATCACGCCACTGCACTCCAGCCTGGGTGACAGAGCGAGACTCTGTCTCAAAGAAAAAAAAAAAAGAACCCAGGGCCTGGGAAGCTTTGGGTCAACCCCCGAGAAAGCCTTCCCTGTTCTCCAGGGTGAACTCATCTCTGGTTCCTGAGCCTCAAATCTCTGAAGGGCAGAGTGGGGCATAGGTTTCAACTCAGCTGTGATTCTCCCAGAACGGTGCCAGGGCAGTGCTTGGTCGGGTAGGCTGTGGGTGGCAGTCTTCGGCTTAACACAAGAAATTGCCAGAGGCTGGCTCAGGGGGAAATGAGCTGCCCAGTCCTGGAAGTTTCCATGAAATGACTGAACATAGGGGCTGGTGGCCCCCATTAGGGAAGGGGTGGAGGAGGGTGTTGTGTGAGACCAACCTTTCAGTTGCTGGTTCACTAGGTTCCAAGCGAAAGGGAAGATGACTCAGCGGAGGGAATCAGGGAAGGCTGTGTAGGAGTCAGCACTTAAGCTGGACCTTGAGAGAGTGCGGCAGTTCCAGTGTTGAAAGGGACTTCAGAAACCGTCCCTCCAGCAGGACACACCATCCGTCACCAATTCACATGAGGCTCAGGGAGCTGAAGTCAGTTGCCCATGGTCACATAACAAGTTGTGCTTTAAAAAATTCAGAGAGTCCCCCAGGCAGGGCCCATCCAGGAGCCAGTGTGTGCAGCCAGCTTGGTAATTCAGGTCCAGTGGTTAATTAGTAACTGGAAGGCCCCGAAGCCAGCTTCCAGCAGGCAGGGCTGGGAGGTTGAACTTGAGCCGGTTTGGGAGCCAGGAGCGAGTGGGTGACAGGTCATTCCTGACTGGGAAGGTTGCTTGACAAGTCAGGATTGTGCCTCCAGTCAGAAGGACCATGAAGAGAGAGAAGAGGGCAGAGCCGTGCATGGGGCTGCTCCCCAGGACCTGAGCAGGAACCTGGAGTTTTCAGGTGAGAGGCTCACCTGTGAGCAGGATACCTGCCTGCTCGCCTATTGGTCTCCAGATTGACTAGTTACCTAGCTAACATCTTTCCTAGTACCTGTTTACTTTCTTTCCTTCCTTTCTTCCTTGGCGACTTCTTTCCCTTCTCCCTCCTTCCTTTCCTTCCTTCCCTCCCAACTATCTGCTTTCTCAGCTGCCTAATTTTCTTCCTCCTTAACTAACCAACTTACATCCTCACTTCCTTCCCACTGACTTCATTTTTTCCTTTTCTAGCTTTCTATTGTCTTCCTGAAATTCCAGGCCGTGGGCTTTGCAGTCAGATGGCCTGGGTTCAAATCCTGGTTATGTCATTTATTAACTGTCTTGATCATGTC,2500,0,,1,0.4469454459334903,0,0.6000000000000005,Random Forest,K3 + K4 + Basic,FN
ENSG00000101639,CEP192,centrosomal protein 192,1,positive,ENSG00000101639,CEP192,protein_coding,18,12991315.0,13125053.0,1.0,forward_gene_orientation,Ensembl Homo sapiens GRCh38 primary assembly FASTA,TSS-proximal window: 2000 bp upstream + 500 bp downstream,TSS_Proximal_2kbUp_500bpDown_NuclearBalanced_v1,GTATAAGATAATAGCTAATGTTTGTTGAGTATTTCCATGGGCCATTATTTTTCTAGATACCTTACAGAAGTAGCTTTAAATCCTCACAGTAAGCCTCTGAGGCAAGCGCTTTAATTATCCCCACTTTACAGACAAGGAAACCGGCTGGTTAAAGCTACTTGCCCAAGGCTACACAGTTTGGAAGAGGGAGGTAGAGCCAGGATTCAGATCCAGGCAGCCTGGCGTCAGAGTCCAGGCTCTCCTGCTGCCGAGACTCTGAATCAGAGATCTCTGTTAATAGAGTCCTATCAGGTTACTGAGTGTTGTGGGGAGTGCTGTGGTGACTTGAGGATATTTATGGAGGAAGGACATTTATTAACAAGGATCTGGTGTGAGTGACAGTCCGGAACCTGTAGACACATTTAAGCAGTTCACCTCCAATGTGTGACCGCTTTGTAGAAAAAGAGGTTAAGAGAGGTCAGCTCTAGGGCTGAGCATTTGGCTTACTTTTTTGGGATTCAGAAAATCTTGAGATTTTCTGCATTTATCTTTGCTCACTGAGTGTGGACAAAGGTAGAATAAAGGTAATTACTCTTTGCAAATACCAAGGCTGCAGGGTTCCAAGAAGAGGTGTCGAACTGTGGAGATATCACTGAGTTTGACAATTAGGAGTCTATTCCTGATAAAGTTTTAAGGACCCAGCTAGACACCATGAAATGCGTCAAAATAAGGTGTAAAAAGTGGAAGCCTGGCTTCCTCTATGGAAAAAAAAGTGGAGACCATTAAGGGAAGGAAACAAGAATGGTCATTAGGTGATGAAACAGAATCAAGGAAGGGGTGTGTGTGGGTGTGTGGTTTGAGTGGTGTTTGTGTGTGGAGGGTGTGTGTGGTGTGTGGGTGATGTGTATGTGGGTGTGTGTTGTGTATGGATGTGTGTATACGTGTCACACACGTGTGTGTGGTGCATATGTGGGTGTGTGTGGTTTGTGGTGTGAGTGGTGTGTGTGGTGTATGGGTGTGTGGTGTGTGTGTTTGGGTAGAGAGGTGCTGCATTTTTGTAGGCAGAGAGAAGGAAACCAGTGGAGAGGATATCCAAGAATGACAGGTGAGCCATGTTTGCAGGAGGTAGAAAGTGGTCAAGTAAACAGACGTCTTTCCCCACCAAGTAACCTCAGGTCTAGGGACTTCTAAACTTTGCGTTTTCCCTCTTCTTTCCTCCAAGGTGCGCCGGACATCTTTCAGTAACTTGAACGAAGTTAAGGAGTTAGCTTTGGAAAAGAGGGACTCTTTTCCCTCTGTGACTATATGGAATAAATTTTGAGATAAGGGACCTTACTGAAAAAGACTGAGATACATTTTGAGTGAAAGGCATGGTCTCAGTGAAGTAGTTAAGGGCCTGTGCCGAGCAGATGGCGGTGATGGGTTTTGTGGCCTAAGAAGGATGGAGAAAAGTAGGAAGCAATCGAGACAAAGCCTACTCTGTCACAAAGAGGCGACTAGATGTGGCGAAATGTCATGAAACTTGGATCCCGAGGAATTAGCTGATTGAAGGTGAAACCTGACGCCTTTCAGCGCCTACCAACAGGAAAGGTCTGCATCTGCCCACGGAAGGACGAAACCTATCGGGGGGGATTTGTTGGCGGGGGATACTTCTTTGCGCATAGAGTGACTGGCGGTGCCCTGGAGACCCAAACTGAATAAAGTAAGCATTATTTTCAAATTCGCCAAGACCTTGAAGGCGGCGCCAACGGGAGCCGTCCCCCGGGTCCCACGCAGCGCAGAGCTCCATTTCCTCCTCCGGACTCGCAGGGCGCGCGGCTTCCTCGCTTCAAATCCAGGAACGCGCTGTCCCCACCAATCACCGGGCTTCTTCCCGCCCCATGTCTTCCCGCTGTCCAATCAAAAGCCAGCTCAGTCTCCTCCCCTTGCCTGGTGCCGCGAACAGACGTAAACCAGAGGCGGGCGCGGTACGGCCGTTCCGGGCTCCAGCCGGTGCGGGGGCCACGCGCACGCGCACTTGCAGTGCCCTGGGACACCTCTTCAGTCCGTGGACTTTCCCGCTGCACACTGCCCTCCGAAGTCGGGGACGCGGGCTCGGTGAGGGGGGACGCTGGTGCCTCGGCCTGCGCCTAGGCGGGAGGCAGACGCATGCACCTTTGGCCTACGTTTCGGCTGCCGGACCGACGGGACAGTGACGGTTGGGCCGGGTGGGGGCGCAGGCTGTGGGGCGGCCTCAGGGCGCGAGCAAGGGGACTGCCGCGCTTCCCGCGCCTCTGCGCCTGGCGCAGCCTCTGAGCTGAGCTCCGCCTGGTTGGGATTAATTGCACGCCTCTGTGTCATCGGGCTTTGGCCGGGCGTGATGAGACAGACTGTTAGGGGATCACGTCCTTCTTTCCTCCCCTCTTGTCTGGGGACTTCCACCTCTTGAGGGACAGGCCCTCTCCGTGCTACCCTCTGGAGTTTCTTGCAGTGTGCTTGTGAAGTGACCGGTGATGTTTCCTTTATGTGCCCTGTGATGGGC,2500,0,,1,0.4528210799935305,0,0.6000000000000005,Random Forest,K3 + K4 + Basic,FN
